cve,NVD,NVD_description,NVD_baseScore,CISA_KEV,CISA_KEV_added,KEV Delta,context,rss_title,url,date scraped,date published,report_key
CVE-2022-1096,NVD,Type confusion in V8 in Google Chrome prior to 99.0.4844.84 allowed a remote attacker to potentially exploit heap corruption via a crafted HTML page.,8.8,In KEV,2022-03-28,333,Zero Day,"This content was collected from the internet. Google Issues Urgent Chrome Update to Patch Actively Exploited Zero-Day Vulnerability. CVE-2022-1096 is the second zero-day vulnerability addressed by Google in Chrome since the start of the year.  
cwe.mitre.org/data/definitioâ€¦",https://twitter.com/NIKITAR35324799/status/1628339472071905280,2023-02-22,2023-02-22,CVE-2022-1096https://twitter.com/NIKITAR35324799/status/1628339472071905280
CVE-2022-22963,NVD,"In Spring Cloud Function versions 3.1.6, 3.2.2 and older unsupported versions, when using routing functionality it is possible for a user to provide a specially crafted SpEL as a routing-expression that may result in remote code execution and access to local resources.",9.8,In KEV,2022-08-25,183,Zero Day,"Retweet from another online publication. CVE-2022-22963 : A new zero-day vulnerability in the Spring Core Java framework called 'Spring4Shell' has been publicly disclosed, allowing unauthenticated remote code execution on applications.  
bleepingcomputer.com/news/security/â€¦",https://twitter.com/SANTOSG78253403/status/1628317255116197888,2023-02-22,2023-02-22,CVE-2022-22963https://twitter.com/SANTOSG78253403/status/1628317255116197888
CVE-2023-39952,Not in NVD,Not in NVD,0.0,Not in KEV,2070-01-01,-17113,Zero Day,"Detect New #FortiNet #FortiNAC vulnerabilities CVE-2023-39952 ,Attacker trying to exploited in the wild after POC published ,Detect attacks with a set of rules in the #CyberCave Platform.",https://twitter.com/Cyber_Cave_sa/status/1628288231161663488,2023-02-22,2023-02-22,CVE-2023-39952https://twitter.com/Cyber_Cave_sa/status/1628288231161663488
CVE-2022-42856,NVD,"A type confusion issue was addressed with improved state handling. This issue is fixed in Safari 16.2, tvOS 16.2, macOS Ventura 13.1, iOS 15.7.2 and iPadOS 15.7.2, iOS 16.1.2. Processing maliciously crafted web content may lead to arbitrary code execution. Apple is aware of a report that this issue may have been actively exploited against versions of iOS released before iOS 15.1..",8.8,In KEV,2022-12-14,72,Zero Day,"Apple corrigiu nova falha zero-day usada para hackear iPhones: E a Apple corrigiu nova falha zero-day usada para hackear iPhones e que Ã© rastreada como CVE-2022-42856. Confiras os detalhes e atualize.    
  
Leia o restante do texto ""Apple corrigiu novaâ€¦ dlvr.it/SjjzkT",https://twitter.com/edivaldobrito/status/1627762778378473473,2023-02-22,2023-02-21,CVE-2022-42856https://twitter.com/edivaldobrito/status/1627762778378473473
CVE-2022-30190,NVD,Microsoft Windows Support Diagnostic Tool (MSDT) Remote Code Execution Vulnerability.,7.8,In KEV,2022-06-14,255,PoC,"ã€ãƒ–ãƒ­ã‚°ï¼š#MSè¨ºæ–­ãƒ„ãƒ¼ãƒ« ã® #ã‚¼ãƒ­ãƒ‡ã‚¤è„†å¼±æ€§ Follina(CVE-2022-30190)ã€‘  
æœ¬ãƒ–ãƒ­ã‚°ã§ã¯ã€#Follina ã¨ã—ã¦çŸ¥ã‚‰ã‚Œã‚‹CVE-2022-30190ã«ã¤ã„ã¦ã®è©³ç´°ã‚’ #Tanium ã‚’ç”¨ã„ã¦è§£èª¬ã—ã¦ãŠã‚Šã¾ã™ã€‚ãœã²ã”ä¸€èª­ãã ã•ã„ã€‚  
tanium.jp/blog/zero-day-â€¦",https://twitter.com/TaniumJ/status/1626038654203465728,2023-02-22,2023-02-21,CVE-2022-30190https://twitter.com/TaniumJ/status/1626038654203465728
CVE-2022-38731,Not in NVD,Not in NVD,0.0,Not in KEV,2070-01-01,-17113,Zero Day,"â– â– â– â– â–¡ CVE-2022-38731: A blind arbitrary file read, that could also be used for authentication coercion via a mechanism known as a Universal Naming Convention (UNC) path.  
  
Qaelum DOSE Zero-Day.   
  
pwc.co.uk/issues/cyber-sâ€¦",https://twitter.com/cKure7/status/1625728602435092481,2023-02-22,2023-02-21,CVE-2022-38731https://twitter.com/cKure7/status/1625728602435092481
CVE-2023-21823,NVD,Windows Graphics Component Remote Code Execution Vulnerability,7.8,In KEV,2023-02-14,10,PoC,ãƒã‚¤ã‚¯ãƒ­ã‚½ãƒ•ãƒˆã®2023å¹´2æœˆã®å®šä¾‹ä¿®æ­£ã«ã¤ã„ã¦ã€‚Windowsã‚°ãƒ©ãƒ•ã‚£ãƒƒã‚¯ã‚³ãƒ³ãƒãƒ¼ãƒãƒ³ãƒˆã«ãŠã‘ã‚‹é éš”ã‚³ãƒ¼ãƒ‰å®Ÿè¡Œã®è„†å¼±æ€§ï¼ˆCVE-2023-21823ã€æ—¢ã«æ‚ªç”¨æ¸ˆã¿ï¼‰ã¯ã€Windows Updateã§ã¯ãªãMicrosoft Storeã®ã‚»ã‚­ãƒ¥ãƒªãƒ†ã‚£æ›´æ–°ã§ã®å¯¾å‡¦ã€‚è‡ªå‹•æ›´æ–°ã‚’ç„¡åŠ¹ã«ã—ã¦ã„ã‚‹åˆ©ç”¨è€…ã¯æœ‰åŠ¹åŒ–æ¨å¥¨ã€‚ bitdefender.com/blog/hotforsecâ€¦,https://twitter.com/__kokumoto/status/1627807964672454656,2023-02-22,2023-02-21,CVE-2023-21823https://twitter.com/__kokumoto/status/1627807964672454656
CVE-2022-47986,NVD,"IBM Aspera Faspex 4.4.2 Patch Level 1 and earlier could allow a remote attacker to execute arbitrary code on the system, caused by a YAML deserialization flaw. By sending a specially crafted obsolete API call, an attacker could exploit this vulnerability to execute arbitrary code on the system. The obsolete API call was removed in Faspex 4.4.2 PL2. IBM X-Force ID: 243512.",9.8,In KEV,2023-02-21,3,PoC,"The security hole, tracked as CVE-2022-47986 and classified as â€˜high severityâ€™, is a YAML deserialization flaw that can be exploited by a remote attacker for arbitrary code execution using specially crafted API calls. securityweek.com/recently-patchâ€¦",https://twitter.com/jbhall56/status/1626208485531877377,2023-02-22,2023-02-21,CVE-2022-47986https://twitter.com/jbhall56/status/1626208485531877377
CVE-2022-47986,NVD,"IBM Aspera Faspex 4.4.2 Patch Level 1 and earlier could allow a remote attacker to execute arbitrary code on the system, caused by a YAML deserialization flaw. By sending a specially crafted obsolete API call, an attacker could exploit this vulnerability to execute arbitrary code on the system. The obsolete API call was removed in Faspex 4.4.2 PL2. IBM X-Force ID: 243512.",9.8,In KEV,2023-02-21,3,PoC,"A vulnerability affecting IBMâ€™s Aspera Faspex file transfer solution, tracked as CVE-2022-47986, has been exploited in attacks. securityweek.com/recently-patchâ€¦",https://twitter.com/EduardKovacs/status/1625846890968350722,2023-02-22,2023-02-21,CVE-2022-47986https://twitter.com/EduardKovacs/status/1625846890968350722
CVE-2023-21823,NVD,Windows Graphics Component Remote Code Execution Vulnerability,7.8,In KEV,2023-02-14,10,PoC,"Its that time of the month, and i don't mean Valentines, it is of course #PatchTuesday the @msftsecurity notes have been released. Looks like 3 Local Priv Esc vulns exploited in the wild.    
CVE-2023-21823, CVE-2023-21715, CVE-2023-23376",https://twitter.com/KevTheHermit/status/1625556481838915588,2023-02-22,2023-02-21,CVE-2023-21823https://twitter.com/KevTheHermit/status/1625556481838915588
CVE-2023-21715,NVD,Microsoft Publisher Security Features Bypass Vulnerability,7.3,In KEV,2023-02-14,10,Zero Day,"Its that time of the month, and i don't mean Valentines, it is of course #PatchTuesday the @msftsecurity notes have been released. Looks like 3 Local Priv Esc vulns exploited in the wild.    
CVE-2023-21823, CVE-2023-21715, CVE-2023-23376",https://twitter.com/KevTheHermit/status/1625556481838915588,2023-02-22,2023-02-21,CVE-2023-21715https://twitter.com/KevTheHermit/status/1625556481838915588
CVE-2023-23376,NVD,Windows Common Log File System Driver Elevation of Privilege Vulnerability,7.8,In KEV,2023-02-14,10,Zero Day,"Its that time of the month, and i don't mean Valentines, it is of course #PatchTuesday the @msftsecurity notes have been released. Looks like 3 Local Priv Esc vulns exploited in the wild.    
CVE-2023-21823, CVE-2023-21715, CVE-2023-23376",https://twitter.com/KevTheHermit/status/1625556481838915588,2023-02-22,2023-02-21,CVE-2023-23376https://twitter.com/KevTheHermit/status/1625556481838915588
CVE-2022-4262,NVD,Type confusion in V8 in Google Chrome prior to 108.0.5359.94 allowed a remote attacker to potentially exploit heap corruption via a crafted HTML page. (Chromium security severity: High),8.8,In KEV,2022-12-05,81,PoC,"Google #Chrome users should update their browsers!  
  
#Google updated for a zero-day #vulnerability [CVE-2022-4262] that attackers are exploiting in the wild.   
  
chromereleases.googleblog.com/2022/12/stableâ€¦  
  
Read: thehackernews.com/2022/12/googleâ€¦",https://twitter.com/SecurityBDog/status/1625525346207514624,2023-02-22,2023-02-21,CVE-2022-4262https://twitter.com/SecurityBDog/status/1625525346207514624
CVE-2023-23529,Not in NVD,Not in NVD,0.0,Not in KEV,2070-01-01,-17113,PoC,"Apple released new security patches for MacOS, iOS, iPadOS and Safari. This includes CVE-2023-23529 which is known as being actively exploited. Read more and get an overview of vulnerable devices with the resources in our article:â€¦lnkd.in/e2HE-yyi lnkd.in/ezRWj2gw",https://twitter.com/Esben_Dochy/status/1625510054681096192,2023-02-22,2023-02-21,CVE-2023-23529https://twitter.com/Esben_Dochy/status/1625510054681096192
CVE-2023-23529,Not in NVD,Not in NVD,0.0,Not in KEV,2070-01-01,-17113,Zero Day,"If you own #Apple's devices like  #iPhone, #iPad, #macOS laptops you need to install Apple security updates today!  
 A #zeroday #vulnerability CVE-2023-23529 (arbitrary code execution in WebKit engine) is under active exploitation ""in the wild"":  
 thehackernews.com/2023/02/patch-â€¦",https://twitter.com/securestep9/status/1625469247718584320,2023-02-22,2023-02-21,CVE-2023-23529https://twitter.com/securestep9/status/1625469247718584320
CVE-2023-23529,Not in NVD,Not in NVD,0.0,Not in KEV,2070-01-01,-17113,,"Apple has released updates for macOS, iOS and Safari and they all include a WebKit patch for a zero-day vulnerability tracked as CVE-2023-23529.  
The post Apple Patches Actively Exploited WebKit Zero-Day VulnerabilityÂ  appeared first on SecurityWeek.  
 securityweek.com/apple-patches-â€¦",https://twitter.com/skunkcyberteam/status/1625461114346655745,2023-02-22,2023-02-21,CVE-2023-23529https://twitter.com/skunkcyberteam/status/1625461114346655745
CVE-2023-23514,Not in NVD,Not in NVD,0.0,Not in KEV,2070-01-01,-17113,,"ğŸš¨ğŸš¨ğŸš¨  
ã€Apple is aware of a report that this issue may have been actively exploited.ã€  
  
CVE-2023-23514ã€CVE-2023-23529  
About the security content of iOS 16.3.1 and iPadOS 16.3.1 - Apple Support  
support.apple.com/en-us/HT213635",https://twitter.com/autumn_good_35/status/1625458459520172034,2023-02-22,2023-02-21,CVE-2023-23514https://twitter.com/autumn_good_35/status/1625458459520172034
CVE-2023-23529,Not in NVD,Not in NVD,0.0,Not in KEV,2070-01-01,-17113,,"ğŸš¨ğŸš¨ğŸš¨  
ã€Apple is aware of a report that this issue may have been actively exploited.ã€  
  
CVE-2023-23514ã€CVE-2023-23529  
About the security content of iOS 16.3.1 and iPadOS 16.3.1 - Apple Support  
support.apple.com/en-us/HT213635",https://twitter.com/autumn_good_35/status/1625458459520172034,2023-02-22,2023-02-21,CVE-2023-23529https://twitter.com/autumn_good_35/status/1625458459520172034
CVE-2023-21823,NVD,Windows Graphics Component Remote Code Execution Vulnerability,7.8,In KEV,2023-02-14,10,,"[+] Feb 2023 = 102 vulnerabilidades   
- 13 EoP  
- 2 Bypass  
- 40 RCE  
- 8 Inf. Disc  
- 10 DoS  
- 7 Spoofing  
- 12 Edge/Chromium  
  
[+] 3 explotada In-the-Wild  
- CVE-2023-21823 - 7.3  
- CVE-2023-21715 - 7.3  
- CVE-2023-23376 - 7.8  
  
Tool: github.com/Immersive-Labsâ€¦",https://twitter.com/SeguInfo/status/1627781233550712833,2023-02-22,2023-02-20,CVE-2023-21823https://twitter.com/SeguInfo/status/1627781233550712833
CVE-2023-21715,NVD,Microsoft Publisher Security Features Bypass Vulnerability,7.3,In KEV,2023-02-14,10,,"[+] Feb 2023 = 102 vulnerabilidades   
- 13 EoP  
- 2 Bypass  
- 40 RCE  
- 8 Inf. Disc  
- 10 DoS  
- 7 Spoofing  
- 12 Edge/Chromium  
  
[+] 3 explotada In-the-Wild  
- CVE-2023-21823 - 7.3  
- CVE-2023-21715 - 7.3  
- CVE-2023-23376 - 7.8  
  
Tool: github.com/Immersive-Labsâ€¦",https://twitter.com/SeguInfo/status/1627781233550712833,2023-02-22,2023-02-20,CVE-2023-21715https://twitter.com/SeguInfo/status/1627781233550712833
CVE-2023-23376,NVD,Windows Common Log File System Driver Elevation of Privilege Vulnerability,7.8,In KEV,2023-02-14,10,,"[+] Feb 2023 = 102 vulnerabilidades   
- 13 EoP  
- 2 Bypass  
- 40 RCE  
- 8 Inf. Disc  
- 10 DoS  
- 7 Spoofing  
- 12 Edge/Chromium  
  
[+] 3 explotada In-the-Wild  
- CVE-2023-21823 - 7.3  
- CVE-2023-21715 - 7.3  
- CVE-2023-23376 - 7.8  
  
Tool: github.com/Immersive-Labsâ€¦",https://twitter.com/SeguInfo/status/1627781233550712833,2023-02-22,2023-02-20,CVE-2023-23376https://twitter.com/SeguInfo/status/1627781233550712833
CVE-2023-0669,NVD,"Fortra (formerly, HelpSystems) GoAnywhere MFT suffers from a pre-authentication command injection vulnerability in the License Response Servlet due to deserializing an arbitrary attacker-controlled object. This issue was patched in version 7.1.2.",7.2,In KEV,2023-02-10,14,,"Tell all  
  
""The vulnerability, tracked as CVE-2023-0669, was disclosed by GoAnywhere developer Fortra on February 1, after the company became aware of in-the-wild exploitation.""  
bit.ly/3Z3SiXM",https://twitter.com/JonathanHCare/status/1627745006550147072,2023-02-22,2023-02-20,CVE-2023-0669https://twitter.com/JonathanHCare/status/1627745006550147072
CVE-2022-39952,NVD,"A external control of file name or path in Fortinet FortiNAC versions 9.4.0, 9.2.0 through 9.2.5, 9.1.0 through 9.1.7, 8.8.0 through 8.8.11, 8.7.0 through 8.7.6, 8.6.0 through 8.6.5, 8.5.0 through 8.5.4, 8.3.7 may allow an unauthenticated attacker to execute unauthorized code or commands via specifically crafted HTTP request.",9.8,Not in KEV,2070-01-01,-17113,,"Based on Shodan and Hunter searches, thereâ€™s a lot of these vulnerable Fortinet Kits out in the wild. CVE-2022-39952 https://t.co/fG87JkcuSv
 
			 
 
				 
 
					Quoted tweet from @UK_Daniel_Card:
 
				
 
				 
 
					There's quite of a lot of 'Fortinet kit on the interwebs!  
'CVE-2022-39952  
  
http.favicon.hash:945408572  
  
shodan.io/search?query=hâ€¦",https://twitter.com/NaderZaveri/status/1627352971569766403,2023-02-22,2023-02-19,CVE-2022-39952https://twitter.com/NaderZaveri/status/1627352971569766403
CVE-2022-39952,NVD,"A external control of file name or path in Fortinet FortiNAC versions 9.4.0, 9.2.0 through 9.2.5, 9.1.0 through 9.1.7, 8.8.0 through 8.8.11, 8.7.0 through 8.7.6, 8.6.0 through 8.6.5, 8.5.0 through 8.5.4, 8.3.7 may allow an unauthenticated attacker to execute unauthorized code or commands via specifically crafted HTTP request.",9.8,Not in KEV,2070-01-01,-17113,,"Socialk@s retweeted:
 
			
 
			 
 
				POC for CVE-2022-39952 affecting Fortinet FortiNAC  
Why it's so easy... :/  
github.com/horizon3ai/CVEâ€¦",https://twitter.com/Disbauxes/status/1628485786407514114,2023-02-22,2023-02-22,CVE-2022-39952https://twitter.com/Disbauxes/status/1628485786407514114
CVE-2022-44666,NVD,Windows Contacts Remote Code Execution Vulnerability.,7.8,Not in KEV,2070-01-01,-17113,,"AnonymousğŸ¾ğŸ±ğŸµâ˜• retweeted:
 
			
 
			 
 
				CVE-2022-44666: Microsoft Windows Contacts (VCF/Contact/LDAP) syslink control href attribute escape vulnerability.  
  
PoC  
github.com/j00sean/CVE-20â€¦",https://twitter.com/YourAnonRiots/status/1628485622586576897,2023-02-22,2023-02-22,CVE-2022-44666https://twitter.com/YourAnonRiots/status/1628485622586576897
CVE-2023-21839,NVD,"Vulnerability in the Oracle WebLogic Server product of Oracle Fusion Middleware (component: Core).  Supported versions that are affected are 12.2.1.3.0, 12.2.1.4.0 and  14.1.1.0.0. Easily exploitable vulnerability allows unauthenticated attacker with network access via T3, IIOP to compromise Oracle WebLogic Server.  Successful attacks of this vulnerability can result in  unauthorized access to critical data or complete access to all Oracle WebLogic Server accessible data. CVSS 3.1 Base Score 7.5 (Confidentiality impacts).  CVSS Vector: (CVSS:3.1/AV:N/AC:L/PR:N/UI:N/S:U/C:H/I:N/A:N).",7.5,Not in KEV,2070-01-01,-17113,,"AnonymousğŸ¾ğŸ±ğŸµâ˜• retweeted:
 
			
 
			 
 
				CVE-2023-21839 Wheels made by public poc according to the network  
Affected version  
12.2.1.3.0  
12.2.1.4.0  
14.1.1.0.0  
github.com/Scarehehe/Weblâ€¦",https://twitter.com/YourAnonRiots/status/1628485535722536960,2023-02-22,2023-02-22,CVE-2023-21839https://twitter.com/YourAnonRiots/status/1628485535722536960
CVE-2022-39952,NVD,"A external control of file name or path in Fortinet FortiNAC versions 9.4.0, 9.2.0 through 9.2.5, 9.1.0 through 9.1.7, 8.8.0 through 8.8.11, 8.7.0 through 8.7.6, 8.6.0 through 8.6.5, 8.5.0 through 8.5.4, 8.3.7 may allow an unauthenticated attacker to execute unauthorized code or commands via specifically crafted HTTP request.",9.8,Not in KEV,2070-01-01,-17113,,"GiddyspurzğŸ€ retweeted:
 
			
 
			 
 
				Our technical deep-dive for the recent #Fortinet FortiNAC CVE-2022-39952  
ğŸ”º POC Exploit for RCE  
ğŸ”º Reversing the Patch  
ğŸ”º Indicators of Compromise  
  
horizon3.ai/fortinet-fortiâ€¦",https://twitter.com/gd101spr3/status/1628484010706931715,2023-02-22,2023-02-22,CVE-2022-39952https://twitter.com/gd101spr3/status/1628484010706931715
CVE-2022-39952,NVD,"A external control of file name or path in Fortinet FortiNAC versions 9.4.0, 9.2.0 through 9.2.5, 9.1.0 through 9.1.7, 8.8.0 through 8.8.11, 8.7.0 through 8.7.6, 8.6.0 through 8.6.5, 8.5.0 through 8.5.4, 8.3.7 may allow an unauthenticated attacker to execute unauthorized code or commands via specifically crafted HTTP request.",9.8,Not in KEV,2070-01-01,-17113,,"Badacze opublikowali exploit PoC dla krytycznej luki (CVE-2022-39952) w Fortinet FortiNAC. ZgÅ‚oszony w zeszÅ‚ym tygodniu problem zostaÅ‚ oceniony na 9,8 na 10 w skali CVSS i umoÅ¼liwia zapisywanie dowolnych plikÃ³w w systemie, ktÃ³rego dotyczy problem, a takÅ¼e zdalne wykonywanie kodu.",https://twitter.com/admITeu/status/1628479286653878273,2023-02-22,2023-02-22,CVE-2022-39952https://twitter.com/admITeu/status/1628479286653878273
CVE-2023-21839,NVD,"Vulnerability in the Oracle WebLogic Server product of Oracle Fusion Middleware (component: Core).  Supported versions that are affected are 12.2.1.3.0, 12.2.1.4.0 and  14.1.1.0.0. Easily exploitable vulnerability allows unauthenticated attacker with network access via T3, IIOP to compromise Oracle WebLogic Server.  Successful attacks of this vulnerability can result in  unauthorized access to critical data or complete access to all Oracle WebLogic Server accessible data. CVSS 3.1 Base Score 7.5 (Confidentiality impacts).  CVSS Vector: (CVSS:3.1/AV:N/AC:L/PR:N/UI:N/S:U/C:H/I:N/A:N).",7.5,Not in KEV,2070-01-01,-17113,,"Good Sector retweeted:
 
			
 
			 
 
				CVE-2023-21839: Vulnerability in the Oracle WebLogic Server product of Oracle Fusion Middleware..affected are 12.2.1.3.0, 12.2.1.4.0 and 14.1.1.0.0. Easily exploitable vulnerability allows unauthenticated attacker with network access via T3, IIOP..  
  
PoC  
github.com/Scarehehe/Weblâ€¦",https://twitter.com/good_sector/status/1628476282735411200,2023-02-22,2023-02-22,CVE-2023-21839https://twitter.com/good_sector/status/1628476282735411200
CVE-2023-21839,NVD,"Vulnerability in the Oracle WebLogic Server product of Oracle Fusion Middleware (component: Core).  Supported versions that are affected are 12.2.1.3.0, 12.2.1.4.0 and  14.1.1.0.0. Easily exploitable vulnerability allows unauthenticated attacker with network access via T3, IIOP to compromise Oracle WebLogic Server.  Successful attacks of this vulnerability can result in  unauthorized access to critical data or complete access to all Oracle WebLogic Server accessible data. CVSS 3.1 Base Score 7.5 (Confidentiality impacts).  CVSS Vector: (CVSS:3.1/AV:N/AC:L/PR:N/UI:N/S:U/C:H/I:N/A:N).",7.5,Not in KEV,2070-01-01,-17113,,"Andre Gironda retweeted:
 
			
 
			 
 
				CVE-2023-21839: Vulnerability in the Oracle WebLogic Server product of Oracle Fusion Middleware..affected are 12.2.1.3.0, 12.2.1.4.0 and 14.1.1.0.0. Easily exploitable vulnerability allows unauthenticated attacker with network access via T3, IIOP..  
  
PoC  
github.com/Scarehehe/Weblâ€¦",https://twitter.com/AndreGironda/status/1628476068863815680,2023-02-22,2023-02-22,CVE-2023-21839https://twitter.com/AndreGironda/status/1628476068863815680
CVE-2023-21839,NVD,"Vulnerability in the Oracle WebLogic Server product of Oracle Fusion Middleware (component: Core).  Supported versions that are affected are 12.2.1.3.0, 12.2.1.4.0 and  14.1.1.0.0. Easily exploitable vulnerability allows unauthenticated attacker with network access via T3, IIOP to compromise Oracle WebLogic Server.  Successful attacks of this vulnerability can result in  unauthorized access to critical data or complete access to all Oracle WebLogic Server accessible data. CVSS 3.1 Base Score 7.5 (Confidentiality impacts).  CVSS Vector: (CVSS:3.1/AV:N/AC:L/PR:N/UI:N/S:U/C:H/I:N/A:N).",7.5,Not in KEV,2070-01-01,-17113,,"Good Sector retweeted:
 
			
 
			 
 
				CVE-2023-21839 Wheels made by public poc according to the network  
Affected version  
12.2.1.3.0  
12.2.1.4.0  
14.1.1.0.0  
github.com/Scarehehe/Weblâ€¦",https://twitter.com/good_sector/status/1628475718458826752,2023-02-22,2023-02-22,CVE-2023-21839https://twitter.com/good_sector/status/1628475718458826752
CVE-2022-39952,NVD,"A external control of file name or path in Fortinet FortiNAC versions 9.4.0, 9.2.0 through 9.2.5, 9.1.0 through 9.1.7, 8.8.0 through 8.8.11, 8.7.0 through 8.7.6, 8.6.0 through 8.6.5, 8.5.0 through 8.5.4, 8.3.7 may allow an unauthenticated attacker to execute unauthorized code or commands via specifically crafted HTTP request.",9.8,Not in KEV,2070-01-01,-17113,,"Exploit released for critical Fortinet RCE flaw, patch now  
  
Security researchers have released a proof-of-concept exploit for a critical-severity vulnerability (CVE-2022-39952) in Fortinet's FortiNAC network...  
  
ğŸ”—ï¸ link.is.it/mwq5c3",https://twitter.com/OverSecurity/status/1628474729001517059,2023-02-22,2023-02-22,CVE-2022-39952https://twitter.com/OverSecurity/status/1628474729001517059
CVE-2023-21839,NVD,"Vulnerability in the Oracle WebLogic Server product of Oracle Fusion Middleware (component: Core).  Supported versions that are affected are 12.2.1.3.0, 12.2.1.4.0 and  14.1.1.0.0. Easily exploitable vulnerability allows unauthenticated attacker with network access via T3, IIOP to compromise Oracle WebLogic Server.  Successful attacks of this vulnerability can result in  unauthorized access to critical data or complete access to all Oracle WebLogic Server accessible data. CVSS 3.1 Base Score 7.5 (Confidentiality impacts).  CVSS Vector: (CVSS:3.1/AV:N/AC:L/PR:N/UI:N/S:U/C:H/I:N/A:N).",7.5,Not in KEV,2070-01-01,-17113,,"Joe Roosen retweeted:
 
			
 
			 
 
				CVE-2023-21839: Vulnerability in the Oracle WebLogic Server product of Oracle Fusion Middleware..affected are 12.2.1.3.0, 12.2.1.4.0 and 14.1.1.0.0. Easily exploitable vulnerability allows unauthenticated attacker with network access via T3, IIOP..  
  
PoC  
github.com/Scarehehe/Weblâ€¦",https://twitter.com/JRoosen/status/1628473214622961664,2023-02-22,2023-02-22,CVE-2023-21839https://twitter.com/JRoosen/status/1628473214622961664
CVE-2023-21839,NVD,"Vulnerability in the Oracle WebLogic Server product of Oracle Fusion Middleware (component: Core).  Supported versions that are affected are 12.2.1.3.0, 12.2.1.4.0 and  14.1.1.0.0. Easily exploitable vulnerability allows unauthenticated attacker with network access via T3, IIOP to compromise Oracle WebLogic Server.  Successful attacks of this vulnerability can result in  unauthorized access to critical data or complete access to all Oracle WebLogic Server accessible data. CVSS 3.1 Base Score 7.5 (Confidentiality impacts).  CVSS Vector: (CVSS:3.1/AV:N/AC:L/PR:N/UI:N/S:U/C:H/I:N/A:N).",7.5,Not in KEV,2070-01-01,-17113,,"Transhackerism retweeted:
 
			
 
			 
 
				CVE-2023-21839: Vulnerability in the Oracle WebLogic Server product of Oracle Fusion Middleware..affected are 12.2.1.3.0, 12.2.1.4.0 and 14.1.1.0.0. Easily exploitable vulnerability allows unauthenticated attacker with network access via T3, IIOP..  
  
PoC  
github.com/Scarehehe/Weblâ€¦",https://twitter.com/transhackerism/status/1628472486533775362,2023-02-22,2023-02-22,CVE-2023-21839https://twitter.com/transhackerism/status/1628472486533775362
CVE-2023-23752,Not in NVD,Not in NVD,0.0,Not in KEV,2070-01-01,-17113,,"maztor.eth retweeted:
 
			
 
			 
 
				CVE-2023-23752: Joomla! 4.0.0 through 4.2.7. An improper access check allows unauthorized access to webservice endpoints  
  
PoC  
xz.aliyun.com/t/12175",https://twitter.com/Mazt0r/status/1628471327488110592,2023-02-22,2023-02-22,CVE-2023-23752https://twitter.com/Mazt0r/status/1628471327488110592
CVE-2023-21839,NVD,"Vulnerability in the Oracle WebLogic Server product of Oracle Fusion Middleware (component: Core).  Supported versions that are affected are 12.2.1.3.0, 12.2.1.4.0 and  14.1.1.0.0. Easily exploitable vulnerability allows unauthenticated attacker with network access via T3, IIOP to compromise Oracle WebLogic Server.  Successful attacks of this vulnerability can result in  unauthorized access to critical data or complete access to all Oracle WebLogic Server accessible data. CVSS 3.1 Base Score 7.5 (Confidentiality impacts).  CVSS Vector: (CVSS:3.1/AV:N/AC:L/PR:N/UI:N/S:U/C:H/I:N/A:N).",7.5,Not in KEV,2070-01-01,-17113,,"M@rtino retweeted:
 
			
 
			 
 
				CVE-2023-21839 #Vulnerability for @Oracle #WebLogic. Affects functionality of the component Core which exposes sensitive information to an actor that is not explicitly authorized to have access to that information.   
PoC is publicly available #DFIR #InfoSec  
github.com/Scarehehe/Weblâ€¦",https://twitter.com/martinorob/status/1628468778454458370,2023-02-22,2023-02-22,CVE-2023-21839https://twitter.com/martinorob/status/1628468778454458370
CVE-2022-39952,NVD,"A external control of file name or path in Fortinet FortiNAC versions 9.4.0, 9.2.0 through 9.2.5, 9.1.0 through 9.1.7, 8.8.0 through 8.8.11, 8.7.0 through 8.7.6, 8.6.0 through 8.6.5, 8.5.0 through 8.5.4, 8.3.7 may allow an unauthenticated attacker to execute unauthorized code or commands via specifically crafted HTTP request.",9.8,Not in KEV,2070-01-01,-17113,,"Thomas 'thms' M. retweeted:
 
			
 
			 
 
				POC for CVE-2022-39952 affecting Fortinet FortiNAC  
Why it's so easy... :/  
github.com/horizon3ai/CVEâ€¦",https://twitter.com/0xTHMS/status/1628468737899634688,2023-02-22,2023-02-22,CVE-2022-39952https://twitter.com/0xTHMS/status/1628468737899634688
CVE-2023-21839,NVD,"Vulnerability in the Oracle WebLogic Server product of Oracle Fusion Middleware (component: Core).  Supported versions that are affected are 12.2.1.3.0, 12.2.1.4.0 and  14.1.1.0.0. Easily exploitable vulnerability allows unauthenticated attacker with network access via T3, IIOP to compromise Oracle WebLogic Server.  Successful attacks of this vulnerability can result in  unauthorized access to critical data or complete access to all Oracle WebLogic Server accessible data. CVSS 3.1 Base Score 7.5 (Confidentiality impacts).  CVSS Vector: (CVSS:3.1/AV:N/AC:L/PR:N/UI:N/S:U/C:H/I:N/A:N).",7.5,Not in KEV,2070-01-01,-17113,,"Securityblog retweeted:
 
			
 
			 
 
				CVE-2023-21839 #Vulnerability for @Oracle #WebLogic. Affects functionality of the component Core which exposes sensitive information to an actor that is not explicitly authorized to have access to that information.   
PoC is publicly available #DFIR #InfoSec  
github.com/Scarehehe/Weblâ€¦",https://twitter.com/Securityblog/status/1628468529354735618,2023-02-22,2023-02-22,CVE-2023-21839https://twitter.com/Securityblog/status/1628468529354735618
CVE-2022-39952,NVD,"A external control of file name or path in Fortinet FortiNAC versions 9.4.0, 9.2.0 through 9.2.5, 9.1.0 through 9.1.7, 8.8.0 through 8.8.11, 8.7.0 through 8.7.6, 8.6.0 through 8.6.5, 8.5.0 through 8.5.4, 8.3.7 may allow an unauthenticated attacker to execute unauthorized code or commands via specifically crafted HTTP request.",9.8,Not in KEV,2070-01-01,-17113,,"~v3ga~ retweeted:
 
			
 
			 
 
				POC for CVE-2022-39952 affecting Fortinet FortiNAC  
Why it's so easy... :/  
github.com/horizon3ai/CVEâ€¦",https://twitter.com/v3ga_hax/status/1628464588508508160,2023-02-22,2023-02-22,CVE-2022-39952https://twitter.com/v3ga_hax/status/1628464588508508160
CVE-2022-39952,NVD,"A external control of file name or path in Fortinet FortiNAC versions 9.4.0, 9.2.0 through 9.2.5, 9.1.0 through 9.1.7, 8.8.0 through 8.8.11, 8.7.0 through 8.7.6, 8.6.0 through 8.6.5, 8.5.0 through 8.5.4, 8.3.7 may allow an unauthenticated attacker to execute unauthorized code or commands via specifically crafted HTTP request.",9.8,Not in KEV,2070-01-01,-17113,,"Faisal Alhumaid retweeted:
 
			
 
			 
 
				ğŸš¨ Ø¨Ø§Ù„Ø£Ù…Ø³ Ù†Ø´Ø±Øª Ø´Ø±ÙƒØ© horizon3ai Ù…Ù‚Ø§Ù„Ø© Ùˆ POC Ø¹Ù† Ø«ØºØ±Ø©:  
  
External Control of File Name or Path in keyUpload scriptlet (CVE-2022-39952)  
  
â— Ø§Ù„Ø«ØºØ±Ø© Ù…ØµØ§Ø¨Ø© Ø¨Ø®Ø¯Ù…Ø© #FortiNAC Ø§Ù„Ù…Ù‚Ø¯Ù…Ø© Ù…Ù† Ø´Ø±ÙƒØ© #Fortinet Ù„Ø­Ù„ÙˆÙ„ Ø§Ù„Ø£Ù…Ù† Ø§Ù„Ø³ÙŠØ¨Ø±Ø§Ù†ÙŠ.  
â— ÙŠÙ…ÙƒÙ† Ø¥Ø³ØªØºÙ„Ø§Ù„Ù‡Ø§ Ø¨Ø³Ù‡ÙˆÙ„Ø© ÙˆØªØ¤Ø¯ÙŠ Ø¥Ù„Ù‰ RCE.  
â— Ø§Ù„ØªØµÙ†ÙŠÙ: Critical 9.8",https://twitter.com/FS_Alhumaid/status/1628461931953635329,2023-02-22,2023-02-22,CVE-2022-39952https://twitter.com/FS_Alhumaid/status/1628461931953635329
CVE-2022-39952,NVD,"A external control of file name or path in Fortinet FortiNAC versions 9.4.0, 9.2.0 through 9.2.5, 9.1.0 through 9.1.7, 8.8.0 through 8.8.11, 8.7.0 through 8.7.6, 8.6.0 through 8.6.5, 8.5.0 through 8.5.4, 8.3.7 may allow an unauthenticated attacker to execute unauthorized code or commands via specifically crafted HTTP request.",9.8,Not in KEV,2070-01-01,-17113,,"ğŸš¨ Ø¨Ø§Ù„Ø£Ù…Ø³ Ù†Ø´Ø±Øª Ø´Ø±ÙƒØ© horizon3ai Ù…Ù‚Ø§Ù„Ø© Ùˆ POC Ø¹Ù† Ø«ØºØ±Ø©:  
  
External Control of File Name or Path in keyUpload scriptlet (CVE-2022-39952)  
  
â— Ø§Ù„Ø«ØºØ±Ø© Ù…ØµØ§Ø¨Ø© Ø¨Ø®Ø¯Ù…Ø© #FortiNAC Ø§Ù„Ù…Ù‚Ø¯Ù…Ø© Ù…Ù† Ø´Ø±ÙƒØ© #Fortinet Ù„Ø­Ù„ÙˆÙ„ Ø§Ù„Ø£Ù…Ù† Ø§Ù„Ø³ÙŠØ¨Ø±Ø§Ù†ÙŠ.  
â— ÙŠÙ…ÙƒÙ† Ø¥Ø³ØªØºÙ„Ø§Ù„Ù‡Ø§ Ø¨Ø³Ù‡ÙˆÙ„Ø© ÙˆØªØ¤Ø¯ÙŠ Ø¥Ù„Ù‰ RCE.  
â— Ø§Ù„ØªØµÙ†ÙŠÙ: Critical 9.8",https://twitter.com/Hani7313/status/1628454256452796417,2023-02-22,2023-02-22,CVE-2022-39952https://twitter.com/Hani7313/status/1628454256452796417
CVE-2023-21839,NVD,"Vulnerability in the Oracle WebLogic Server product of Oracle Fusion Middleware (component: Core).  Supported versions that are affected are 12.2.1.3.0, 12.2.1.4.0 and  14.1.1.0.0. Easily exploitable vulnerability allows unauthenticated attacker with network access via T3, IIOP to compromise Oracle WebLogic Server.  Successful attacks of this vulnerability can result in  unauthorized access to critical data or complete access to all Oracle WebLogic Server accessible data. CVSS 3.1 Base Score 7.5 (Confidentiality impacts).  CVSS Vector: (CVSS:3.1/AV:N/AC:L/PR:N/UI:N/S:U/C:H/I:N/A:N).",7.5,Not in KEV,2070-01-01,-17113,,"Zigzag retweeted:
 
			
 
			 
 
				CVE-2023-21839: Vulnerability in the Oracle WebLogic Server product of Oracle Fusion Middleware..affected are 12.2.1.3.0, 12.2.1.4.0 and 14.1.1.0.0. Easily exploitable vulnerability allows unauthenticated attacker with network access via T3, IIOP..  
  
PoC  
github.com/Scarehehe/Weblâ€¦",https://twitter.com/zigzag_shafaf/status/1628451956531335170,2023-02-22,2023-02-22,CVE-2023-21839https://twitter.com/zigzag_shafaf/status/1628451956531335170
CVE-2022-39952,NVD,"A external control of file name or path in Fortinet FortiNAC versions 9.4.0, 9.2.0 through 9.2.5, 9.1.0 through 9.1.7, 8.8.0 through 8.8.11, 8.7.0 through 8.7.6, 8.6.0 through 8.6.5, 8.5.0 through 8.5.4, 8.3.7 may allow an unauthenticated attacker to execute unauthorized code or commands via specifically crafted HTTP request.",9.8,Not in KEV,2070-01-01,-17113,,Arctic Wolf Labs has observed proof of concept (PoC) exploit code being made publicly available for CVE-2022-39952. Security researchers have also started seeing active exploitation of CVE-2022-39952 occurring in the wild now that PoC exploit code has been published. (2/3),https://twitter.com/AWNetworks/status/1628490166808584194,2023-02-22,2023-02-22,CVE-2022-39952https://twitter.com/AWNetworks/status/1628490166808584194
CVE-2022-39952,NVD,"A external control of file name or path in Fortinet FortiNAC versions 9.4.0, 9.2.0 through 9.2.5, 9.1.0 through 9.1.7, 8.8.0 through 8.8.11, 8.7.0 through 8.7.6, 8.6.0 through 8.6.5, 8.5.0 through 8.5.4, 8.3.7 may allow an unauthenticated attacker to execute unauthorized code or commands via specifically crafted HTTP request.",9.8,Not in KEV,2070-01-01,-17113,,"Qutaibah retweeted:
 
			
 
			 
 
				ğŸš¨ Ø¨Ø§Ù„Ø£Ù…Ø³ Ù†Ø´Ø±Øª Ø´Ø±ÙƒØ© horizon3ai Ù…Ù‚Ø§Ù„Ø© Ùˆ POC Ø¹Ù† Ø«ØºØ±Ø©:  
  
External Control of File Name or Path in keyUpload scriptlet (CVE-2022-39952)  
  
â— Ø§Ù„Ø«ØºØ±Ø© Ù…ØµØ§Ø¨Ø© Ø¨Ø®Ø¯Ù…Ø© #FortiNAC Ø§Ù„Ù…Ù‚Ø¯Ù…Ø© Ù…Ù† Ø´Ø±ÙƒØ© #Fortinet Ù„Ø­Ù„ÙˆÙ„ Ø§Ù„Ø£Ù…Ù† Ø§Ù„Ø³ÙŠØ¨Ø±Ø§Ù†ÙŠ.  
â— ÙŠÙ…ÙƒÙ† Ø¥Ø³ØªØºÙ„Ø§Ù„Ù‡Ø§ Ø¨Ø³Ù‡ÙˆÙ„Ø© ÙˆØªØ¤Ø¯ÙŠ Ø¥Ù„Ù‰ RCE.  
â— Ø§Ù„ØªØµÙ†ÙŠÙ: Critical 9.8",https://twitter.com/Qutaibah_qarni/status/1628489788503257090,2023-02-22,2023-02-22,CVE-2022-39952https://twitter.com/Qutaibah_qarni/status/1628489788503257090
CVE-2022-39952,NVD,"A external control of file name or path in Fortinet FortiNAC versions 9.4.0, 9.2.0 through 9.2.5, 9.1.0 through 9.1.7, 8.8.0 through 8.8.11, 8.7.0 through 8.7.6, 8.6.0 through 8.6.5, 8.5.0 through 8.5.4, 8.3.7 may allow an unauthenticated attacker to execute unauthorized code or commands via specifically crafted HTTP request.",9.8,Not in KEV,2070-01-01,-17113,,"Michel de CREVOISIER retweeted:
 
			
 
			 
 
				POC for CVE-2022-39952 affecting Fortinet FortiNAC  
Why it's so easy... :/  
github.com/horizon3ai/CVEâ€¦",https://twitter.com/mdecrevoisier/status/1628489018919862278,2023-02-22,2023-02-22,CVE-2022-39952https://twitter.com/mdecrevoisier/status/1628489018919862278
CVE-2022-39952,NVD,"A external control of file name or path in Fortinet FortiNAC versions 9.4.0, 9.2.0 through 9.2.5, 9.1.0 through 9.1.7, 8.8.0 through 8.8.11, 8.7.0 through 8.7.6, 8.6.0 through 8.6.5, 8.5.0 through 8.5.4, 8.3.7 may allow an unauthenticated attacker to execute unauthorized code or commands via specifically crafted HTTP request.",9.8,Not in KEV,2070-01-01,-17113,,"Exploit released for critical Fortinet RCE flaw, patch now  
Security researchers have released a proof-of-concept exploit for a critical-severity vulnerability (CVE-2022-39952) inÂ Fortinet's FortiNAC network access control suite....",https://twitter.com/tsccbst/status/1628515239779266560,2023-02-22,2023-02-22,CVE-2022-39952https://twitter.com/tsccbst/status/1628515239779266560
CVE-2022-39952,NVD,"A external control of file name or path in Fortinet FortiNAC versions 9.4.0, 9.2.0 through 9.2.5, 9.1.0 through 9.1.7, 8.8.0 through 8.8.11, 8.7.0 through 8.7.6, 8.6.0 through 8.6.5, 8.5.0 through 8.5.4, 8.3.7 may allow an unauthenticated attacker to execute unauthorized code or commands via specifically crafted HTTP request.",9.8,Not in KEV,2070-01-01,-17113,,"Miguel retweeted:
 
			
 
			 
 
				Our technical deep-dive for the recent #Fortinet FortiNAC CVE-2022-39952  
ğŸ”º POC Exploit for RCE  
ğŸ”º Reversing the Patch  
ğŸ”º Indicators of Compromise  
  
horizon3.ai/fortinet-fortiâ€¦",https://twitter.com/Miguel54123418/status/1628510743216652293,2023-02-22,2023-02-22,CVE-2022-39952https://twitter.com/Miguel54123418/status/1628510743216652293
CVE-2022-39952,NVD,"A external control of file name or path in Fortinet FortiNAC versions 9.4.0, 9.2.0 through 9.2.5, 9.1.0 through 9.1.7, 8.8.0 through 8.8.11, 8.7.0 through 8.7.6, 8.6.0 through 8.6.5, 8.5.0 through 8.5.4, 8.3.7 may allow an unauthenticated attacker to execute unauthorized code or commands via specifically crafted HTTP request.",9.8,Not in KEV,2070-01-01,-17113,,"Vikas Anil Sharma retweeted:
 
			
 
			 
 
				Our technical deep-dive for the recent #Fortinet FortiNAC CVE-2022-39952  
ğŸ”º POC Exploit for RCE  
ğŸ”º Reversing the Patch  
ğŸ”º Indicators of Compromise  
  
horizon3.ai/fortinet-fortiâ€¦",https://twitter.com/VikzSharma/status/1628510142583959553,2023-02-22,2023-02-22,CVE-2022-39952https://twitter.com/VikzSharma/status/1628510142583959553
CVE-2022-39952,NVD,"A external control of file name or path in Fortinet FortiNAC versions 9.4.0, 9.2.0 through 9.2.5, 9.1.0 through 9.1.7, 8.8.0 through 8.8.11, 8.7.0 through 8.7.6, 8.6.0 through 8.6.5, 8.5.0 through 8.5.4, 8.3.7 may allow an unauthenticated attacker to execute unauthorized code or commands via specifically crafted HTTP request.",9.8,Not in KEV,2070-01-01,-17113,,"Ğ¡.Ñ‚.Ğ¸ĞºÑ retweeted:
 
			
 
			 
 
				Our technical deep-dive for the recent #Fortinet FortiNAC CVE-2022-39952  
ğŸ”º POC Exploit for RCE  
ğŸ”º Reversing the Patch  
ğŸ”º Indicators of Compromise  
  
horizon3.ai/fortinet-fortiâ€¦",https://twitter.com/THB_STX/status/1628508679107403776,2023-02-22,2023-02-22,CVE-2022-39952https://twitter.com/THB_STX/status/1628508679107403776
CVE-2023-21839,NVD,"Vulnerability in the Oracle WebLogic Server product of Oracle Fusion Middleware (component: Core).  Supported versions that are affected are 12.2.1.3.0, 12.2.1.4.0 and  14.1.1.0.0. Easily exploitable vulnerability allows unauthenticated attacker with network access via T3, IIOP to compromise Oracle WebLogic Server.  Successful attacks of this vulnerability can result in  unauthorized access to critical data or complete access to all Oracle WebLogic Server accessible data. CVSS 3.1 Base Score 7.5 (Confidentiality impacts).  CVSS Vector: (CVSS:3.1/AV:N/AC:L/PR:N/UI:N/S:U/C:H/I:N/A:N).",7.5,Not in KEV,2070-01-01,-17113,,"Korsakoff retweeted:
 
			
 
			 
 
				CVE-2023-21839 Wheels made by public poc according to the network  
Affected version  
12.2.1.3.0  
12.2.1.4.0  
14.1.1.0.0  
github.com/Scarehehe/Weblâ€¦",https://twitter.com/Korsakoff1/status/1628499312371019777,2023-02-22,2023-02-22,CVE-2023-21839https://twitter.com/Korsakoff1/status/1628499312371019777
CVE-2023-21839,NVD,"Vulnerability in the Oracle WebLogic Server product of Oracle Fusion Middleware (component: Core).  Supported versions that are affected are 12.2.1.3.0, 12.2.1.4.0 and  14.1.1.0.0. Easily exploitable vulnerability allows unauthenticated attacker with network access via T3, IIOP to compromise Oracle WebLogic Server.  Successful attacks of this vulnerability can result in  unauthorized access to critical data or complete access to all Oracle WebLogic Server accessible data. CVSS 3.1 Base Score 7.5 (Confidentiality impacts).  CVSS Vector: (CVSS:3.1/AV:N/AC:L/PR:N/UI:N/S:U/C:H/I:N/A:N).",7.5,Not in KEV,2070-01-01,-17113,,"ğ“¢ağ–‘ğ–™ğ–nğ–‡ağ–“Ó„ â™¤ DEADSEC â™¤ retweeted:
 
			
 
			 
 
				CVE-2023-21839 Wheels made by public poc according to the network  
Affected version  
12.2.1.3.0  
12.2.1.4.0  
14.1.1.0.0  
github.com/Scarehehe/Weblâ€¦",https://twitter.com/SaltinDeadsec/status/1628495544132812801,2023-02-22,2023-02-22,CVE-2023-21839https://twitter.com/SaltinDeadsec/status/1628495544132812801
CVE-2022-39952,NVD,"A external control of file name or path in Fortinet FortiNAC versions 9.4.0, 9.2.0 through 9.2.5, 9.1.0 through 9.1.7, 8.8.0 through 8.8.11, 8.7.0 through 8.7.6, 8.6.0 through 8.6.5, 8.5.0 through 8.5.4, 8.3.7 may allow an unauthenticated attacker to execute unauthorized code or commands via specifically crafted HTTP request.",9.8,Not in KEV,2070-01-01,-17113,,"AZIZA retweeted:
 
			
 
			 
 
				ğŸ”¥ Ù…Ø§Ø¨ÙŠ Ø§Ø®Ø±Ø¨ Ø¹Ù„ÙŠÙƒ Ø§Ù„Ø§Ø¬Ø§Ø²Ø©ØŒ ÙˆÙ„ÙƒÙ† Ø«ØºØ±Ø© CVE-2022-39952 ÙÙŠ Ù…Ù†ØªØ¬Ø§Øª Fortinet FortiNAC ØªØ³Ù…Ø­ Ù„Ù„Ù…Ù‡Ø§Ø¬Ù… Ø¨ØªÙ†ÙÙŠØ° ØªØ¹Ù„ÙŠÙ…Ø§Øª Ø¨Ø±Ù…Ø¬ÙŠØ© Ø¶Ø§Ø±Ø©  
Ù…Ø¹Ù„ÙˆÙ…Ø§Øª Ø§ÙƒØ«Ø±: horizon3.ai/fortinet-fortiâ€¦  
Ø§Ù„Ø­Ù„: fortiguard.com/psirt/FG-IR-22â€¦  
Ø¨Ø¹Ø¶ IPØªÙ‚ÙˆÙ… Ø¨Ø¹Ù…Ù„ÙŠØ§Øª Ø§Ù„Ø§Ø®ØªØ±Ø§Ù‚: viz.greynoise.io/tag/fortinac-râ€¦  
Ù…Ø¹Ù„ÙˆÙ…Ø§Øª Ø¹Ù† POC: github.com/horizon3ai/CVEâ€¦",https://twitter.com/ARARY4Q/status/1628493800682229761,2023-02-22,2023-02-22,CVE-2022-39952https://twitter.com/ARARY4Q/status/1628493800682229761
CVE-2023-39952,Not in NVD,Not in NVD,0.0,Not in KEV,2070-01-01,-17113,,"falah337 retweeted:
 
			
 
			 
 
				ğŸ“£ Ù‚Ù… Ø¨Ø§ÙƒØªØ´Ø§Ù Ø¹Ù…Ù„ÙŠØ§Øª Ø§Ù„ÙØ­Øµ Ùˆ Ø§Ù„Ø§Ø³ØªØºÙ„Ø§Ù„ Ù„Ø«ØºØ±Ø©   
#FortiNet #FortiNACØŒ CVE-2023-39952 Ø­ÙŠØ« ÙŠØ­Ø§ÙˆÙ„ Ø§Ù„Ù…Ù‡Ø§Ø¬Ù…ÙŠÙ† Ø¨Ø´ÙƒÙ„ Ù†Ø´Ø· Ø§Ù„Ø¨Ø­Ø« Ø¹Ù† Ø§Ù„Ø«ØºØ±Ø© ÙˆØ§Ø³ØªØºÙ„Ø§Ù„Ù‡Ø§ Ø¨Ø¹Ø¯ ØµØ¯ÙˆØ± POCØŒ Ù„Ù„Ù…Ø²ÙŠØ¯ Ù…Ù† Ø§Ù„Ù…Ø¹Ù„ÙˆÙ…Ø§Øª Ø­ÙˆÙ„ Ø·Ø±Ù‚ Ø§Ù„Ø§ÙƒØªØ´Ø§ÙØŒ Ù†ØªØ´Ø±Ù Ø¨Ø²ÙŠØ§Ø±ØªÙƒÙ… Ù„Ù…Ù†ØµØ© #CyberCave #Ø§Ù„Ø§Ù…Ù†_Ø§Ù„Ø³ÙŠØ¨Ø±Ø§Ù†ÙŠ",https://twitter.com/falah3372/status/1628520482596130819,2023-02-22,2023-02-22,CVE-2023-39952https://twitter.com/falah3372/status/1628520482596130819
CVE-2023-21839,NVD,"Vulnerability in the Oracle WebLogic Server product of Oracle Fusion Middleware (component: Core).  Supported versions that are affected are 12.2.1.3.0, 12.2.1.4.0 and  14.1.1.0.0. Easily exploitable vulnerability allows unauthenticated attacker with network access via T3, IIOP to compromise Oracle WebLogic Server.  Successful attacks of this vulnerability can result in  unauthorized access to critical data or complete access to all Oracle WebLogic Server accessible data. CVSS 3.1 Base Score 7.5 (Confidentiality impacts).  CVSS Vector: (CVSS:3.1/AV:N/AC:L/PR:N/UI:N/S:U/C:H/I:N/A:N).",7.5,Not in KEV,2070-01-01,-17113,,"vitra retweeted:
 
			
 
			 
 
				CVE-2023-21839: Vulnerability in the Oracle WebLogic Server product of Oracle Fusion Middleware..affected are 12.2.1.3.0, 12.2.1.4.0 and 14.1.1.0.0. Easily exploitable vulnerability allows unauthenticated attacker with network access via T3, IIOP..  
  
PoC  
github.com/Scarehehe/Weblâ€¦",https://twitter.com/user_vitra/status/1628519920693641219,2023-02-22,2023-02-22,CVE-2023-21839https://twitter.com/user_vitra/status/1628519920693641219
CVE-2022-34689,NVD,Windows CryptoAPI Spoofing Vulnerability.,7.5,Not in KEV,2070-01-01,-17113,,"Ivan Ristic retweeted:
 
			
 
			 
 
				From the TLS newsletter: Last year, the NCSC UK and the NSA discovered a spoofing vulnerability involving MD5 collisions in Microsoftâ€™s products (CVE-2022-34689). buff.ly/3XGnB9U  Akamai followed up with anÂ analysis buff.ly/3DiBAeG and released a proof of concept.",https://twitter.com/ivanristic/status/1628517476106395649,2023-02-22,2023-02-22,CVE-2022-34689https://twitter.com/ivanristic/status/1628517476106395649
CVE-2022-39952,NVD,"A external control of file name or path in Fortinet FortiNAC versions 9.4.0, 9.2.0 through 9.2.5, 9.1.0 through 9.1.7, 8.8.0 through 8.8.11, 8.7.0 through 8.7.6, 8.6.0 through 8.6.5, 8.5.0 through 8.5.4, 8.3.7 may allow an unauthenticated attacker to execute unauthorized code or commands via specifically crafted HTTP request.",9.8,Not in KEV,2070-01-01,-17113,,"S4M ğŸ‡¹ğŸ‡· retweeted:
 
			
 
			 
 
				PoC #exploit, IoCs for Fortinet FortiNAC RCE released (CVE-2022-39952) securecybersolution.com/poc-exploit-ioâ€¦ #Sec_Cyber",https://twitter.com/s4msecurity/status/1628750641991503874,2023-02-23,2023-02-23,CVE-2022-39952https://twitter.com/s4msecurity/status/1628750641991503874
CVE-2022-39952,NVD,"A external control of file name or path in Fortinet FortiNAC versions 9.4.0, 9.2.0 through 9.2.5, 9.1.0 through 9.1.7, 8.8.0 through 8.8.11, 8.7.0 through 8.7.6, 8.6.0 through 8.6.5, 8.5.0 through 8.5.4, 8.3.7 may allow an unauthenticated attacker to execute unauthorized code or commands via specifically crafted HTTP request.",9.8,Not in KEV,2070-01-01,-17113,,CVE-2022-39952 - POC for CVE-2022-39952 github.com/horizon3ai/CVEâ€¦,https://twitter.com/pythontrending/status/1628743700246298625,2023-02-23,2023-02-23,CVE-2022-39952https://twitter.com/pythontrending/status/1628743700246298625
CVE-2022-39952,NVD,"A external control of file name or path in Fortinet FortiNAC versions 9.4.0, 9.2.0 through 9.2.5, 9.1.0 through 9.1.7, 8.8.0 through 8.8.11, 8.7.0 through 8.7.6, 8.6.0 through 8.6.5, 8.5.0 through 8.5.4, 8.3.7 may allow an unauthenticated attacker to execute unauthorized code or commands via specifically crafted HTTP request.",9.8,Not in KEV,2070-01-01,-17113,,"B1nary0's Web - Fortinet soluciona 40 fallas, 2 crÃ­ticas con PoC CVE-2022-39952 (PARCHEA!)  
b1nary0.com.ar/fortinet-solucâ€¦",https://twitter.com/b1nary0/status/1628735837192978432,2023-02-23,2023-02-23,CVE-2022-39952https://twitter.com/b1nary0/status/1628735837192978432
CVE-2022-39952,NVD,"A external control of file name or path in Fortinet FortiNAC versions 9.4.0, 9.2.0 through 9.2.5, 9.1.0 through 9.1.7, 8.8.0 through 8.8.11, 8.7.0 through 8.7.6, 8.6.0 through 8.6.5, 8.5.0 through 8.5.4, 8.3.7 may allow an unauthenticated attacker to execute unauthorized code or commands via specifically crafted HTTP request.",9.8,Not in KEV,2070-01-01,-17113,,"angie de kleine ğŸ‡³ğŸ‡±ğŸ‡ªğŸ‡ºğŸ‡©ğŸ‡ªğŸ‡ºğŸ‡¸ğŸ‡¨ğŸ‡¦ğŸ—½ retweeted:
 
			
 
			 
 
				WARNING: FortiNAC webserver  contains a remote code execution (RCE) vulnerability, CVE-2022-39952, and FortiWeb proxy daemon is vulnerable to stack-based buffer Overflow flaw, CVE-2021-42756. A #POC has already been released. cert.be/en/warning-forâ€¦ #Patch",https://twitter.com/adekleine/status/1628732013988421633,2023-02-23,2023-02-23,CVE-2022-39952https://twitter.com/adekleine/status/1628732013988421633
CVE-2021-42756,NVD,"Multiple stack-based buffer overflow vulnerabilities [CWE-121] in the proxy daemon of FortiWeb 5.x all versions, 6.0.7 and below, 6.1.2 and below, 6.2.6 and below, 6.3.16 and below, 6.4 all versions may allow an unauthenticated remote attacker to achieve arbitrary code execution via specifically crafted HTTP requests.",9.8,Not in KEV,2070-01-01,-17113,,"angie de kleine ğŸ‡³ğŸ‡±ğŸ‡ªğŸ‡ºğŸ‡©ğŸ‡ªğŸ‡ºğŸ‡¸ğŸ‡¨ğŸ‡¦ğŸ—½ retweeted:
 
			
 
			 
 
				WARNING: FortiNAC webserver  contains a remote code execution (RCE) vulnerability, CVE-2022-39952, and FortiWeb proxy daemon is vulnerable to stack-based buffer Overflow flaw, CVE-2021-42756. A #POC has already been released. cert.be/en/warning-forâ€¦ #Patch",https://twitter.com/adekleine/status/1628732013988421633,2023-02-23,2023-02-23,CVE-2021-42756https://twitter.com/adekleine/status/1628732013988421633
CVE-2022-39952,NVD,"A external control of file name or path in Fortinet FortiNAC versions 9.4.0, 9.2.0 through 9.2.5, 9.1.0 through 9.1.7, 8.8.0 through 8.8.11, 8.7.0 through 8.7.6, 8.6.0 through 8.6.5, 8.5.0 through 8.5.4, 8.3.7 may allow an unauthenticated attacker to execute unauthorized code or commands via specifically crafted HTTP request.",9.8,Not in KEV,2070-01-01,-17113,,"SecurityTrails retweeted:
 
			
 
			 
 
				WARNING: FortiNAC webserver  contains a remote code execution (RCE) vulnerability, CVE-2022-39952, and FortiWeb proxy daemon is vulnerable to stack-based buffer Overflow flaw, CVE-2021-42756. A #POC has already been released. cert.be/en/warning-forâ€¦ #Patch",https://twitter.com/securitytrails/status/1628727148616855554,2023-02-23,2023-02-23,CVE-2022-39952https://twitter.com/securitytrails/status/1628727148616855554
CVE-2021-42756,NVD,"Multiple stack-based buffer overflow vulnerabilities [CWE-121] in the proxy daemon of FortiWeb 5.x all versions, 6.0.7 and below, 6.1.2 and below, 6.2.6 and below, 6.3.16 and below, 6.4 all versions may allow an unauthenticated remote attacker to achieve arbitrary code execution via specifically crafted HTTP requests.",9.8,Not in KEV,2070-01-01,-17113,,"SecurityTrails retweeted:
 
			
 
			 
 
				WARNING: FortiNAC webserver  contains a remote code execution (RCE) vulnerability, CVE-2022-39952, and FortiWeb proxy daemon is vulnerable to stack-based buffer Overflow flaw, CVE-2021-42756. A #POC has already been released. cert.be/en/warning-forâ€¦ #Patch",https://twitter.com/securitytrails/status/1628727148616855554,2023-02-23,2023-02-23,CVE-2021-42756https://twitter.com/securitytrails/status/1628727148616855554
CVE-2022-46169,NVD,"Cacti is an open source platform which provides a robust and extensible operational monitoring and fault management framework for users. In affected versions a command injection vulnerability allows an unauthenticated user to execute arbitrary code on a server running Cacti, if a specific data source was selected for any monitored device. The vulnerability resides in the `remote_agent.php` file. This file can be accessed without authentication. This function retrieves the IP address of the client via `get_client_addr` and resolves this IP address to the corresponding hostname via `gethostbyaddr`. After this, it is verified that an entry within the `poller` table exists, where the hostname corresponds to the resolved hostname. If such an entry was found, the function returns `true` and the client is authorized. This authorization can be bypassed due to the implementation of the `get_client_addr` function. The function is defined in the file `lib/functions.php` and checks serval `$_SERVER` variables to determine the IP address of the client. The variables beginning with `HTTP_` can be arbitrarily set by an attacker. Since there is a default entry in the `poller` table with the hostname of the server running Cacti, an attacker can bypass the authentication e.g. by providing the header `Forwarded-For: <TARGETIP>`. This way the function `get_client_addr` returns the IP address of the server running Cacti. The following call to `gethostbyaddr` will resolve this IP address to the hostname of the server, which will pass the `poller` hostname check because of the default entry. After the authorization of the `remote_agent.php` file is bypassed, an attacker can trigger different actions. One of these actions is called `polldata`. The called function `poll_for_data` retrieves a few request parameters and loads the corresponding `poller_item` entries from the database. If the `action` of a `poller_item` equals `POLLER_ACTION_SCRIPT_PHP`, the function `proc_open` is used to execute a PHP script. The attacker-controlled parameter `$poller_id` is retrieved via the function `get_nfilter_request_var`, which allows arbitrary strings. This variable is later inserted into the string passed to `proc_open`, which leads to a command injection vulnerability. By e.g. providing the `poller_id=;id` the `id` command is executed. In order to reach the vulnerable call, the attacker must provide a `host_id` and `local_data_id`, where the `action` of the corresponding `poller_item` is set to `POLLER_ACTION_SCRIPT_PHP`. Both of these ids (`host_id` and `local_data_id`) can easily be bruteforced. The only requirement is that a `poller_item` with an `POLLER_ACTION_SCRIPT_PHP` action exists. This is very likely on a productive instance because this action is added by some predefined templates like `Device - Uptime` or `Device - Polling Time`. This command injection vulnerability allows an unauthenticated user to execute arbitrary commands if a `poller_item` with the `action` type `POLLER_ACTION_SCRIPT_PHP` (`2`) is configured. The authorization bypass should be prevented by not allowing an attacker to make `get_client_addr` (file `lib/functions.php`) return an arbitrary IP address. This could be done by not honoring the `HTTP_...` `$_SERVER` variables. If these should be kept for compatibility reasons it should at least be prevented to fake the IP address of the server running Cacti. This vulnerability has been addressed in both the 1.2.x and 1.3.x release branches with `1.2.23` being the first release containing the patch.",9.8,In KEV,2023-02-16,8,,"They've got a little list...  
  
""US CISA added the following actively exploited flaws to its Known Exploited Vulnerabilities Catalog:  
  
CVE-2022-46169 â€“ Cacti is an open-source platform that provides a robust and extensible operational monitoring and...""  
bit.ly/3KjqSc5",https://twitter.com/JonathanHCare/status/1628726585430880257,2023-02-23,2023-02-23,CVE-2022-46169https://twitter.com/JonathanHCare/status/1628726585430880257
CVE-2022-39952,NVD,"A external control of file name or path in Fortinet FortiNAC versions 9.4.0, 9.2.0 through 9.2.5, 9.1.0 through 9.1.7, 8.8.0 through 8.8.11, 8.7.0 through 8.7.6, 8.6.0 through 8.6.5, 8.5.0 through 8.5.4, 8.3.7 may allow an unauthenticated attacker to execute unauthorized code or commands via specifically crafted HTTP request.",9.8,Not in KEV,2070-01-01,-17113,,"WARNING: FortiNAC webserver  contains a remote code execution (RCE) vulnerability, CVE-2022-39952, and FortiWeb proxy daemon is vulnerable to stack-based buffer Overflow flaw, CVE-2021-42756. A #POC has already been released. cert.be/en/warning-forâ€¦ #Patch",https://twitter.com/certbe/status/1628713841566666754,2023-02-23,2023-02-23,CVE-2022-39952https://twitter.com/certbe/status/1628713841566666754
CVE-2021-42756,NVD,"Multiple stack-based buffer overflow vulnerabilities [CWE-121] in the proxy daemon of FortiWeb 5.x all versions, 6.0.7 and below, 6.1.2 and below, 6.2.6 and below, 6.3.16 and below, 6.4 all versions may allow an unauthenticated remote attacker to achieve arbitrary code execution via specifically crafted HTTP requests.",9.8,Not in KEV,2070-01-01,-17113,,"WARNING: FortiNAC webserver  contains a remote code execution (RCE) vulnerability, CVE-2022-39952, and FortiWeb proxy daemon is vulnerable to stack-based buffer Overflow flaw, CVE-2021-42756. A #POC has already been released. cert.be/en/warning-forâ€¦ #Patch",https://twitter.com/certbe/status/1628713841566666754,2023-02-23,2023-02-23,CVE-2021-42756https://twitter.com/certbe/status/1628713841566666754
CVE-2022-39952,NVD,"A external control of file name or path in Fortinet FortiNAC versions 9.4.0, 9.2.0 through 9.2.5, 9.1.0 through 9.1.7, 8.8.0 through 8.8.11, 8.7.0 through 8.7.6, 8.6.0 through 8.6.5, 8.5.0 through 8.5.4, 8.3.7 may allow an unauthenticated attacker to execute unauthorized code or commands via specifically crafted HTTP request.",9.8,Not in KEV,2070-01-01,-17113,,"DTS Solution retweeted:
 
			
 
			 
 
				Fortinet FortiNAC Vulnerability Exploited in Wild Days After Release of Patch: Hackers started exploiting the Fortinet FortiNAC vulnerability CVE-2022-39952 the same day a PoC exploit was released.   
  
The post Fortinet FortiNAC Vulnerability Exploited inâ€¦ securityweek.com/fortinet-fortiâ€¦",https://twitter.com/DTS_Solution/status/1628709514047541248,2023-02-23,2023-02-23,CVE-2022-39952https://twitter.com/DTS_Solution/status/1628709514047541248
CVE-2022-39952,NVD,"A external control of file name or path in Fortinet FortiNAC versions 9.4.0, 9.2.0 through 9.2.5, 9.1.0 through 9.1.7, 8.8.0 through 8.8.11, 8.7.0 through 8.7.6, 8.6.0 through 8.6.5, 8.5.0 through 8.5.4, 8.3.7 may allow an unauthenticated attacker to execute unauthorized code or commands via specifically crafted HTTP request.",9.8,Not in KEV,2070-01-01,-17113,,"Fortinet FortiNAC Vulnerability Exploited in Wild Days After Release of Patch: Hackers started exploiting the Fortinet FortiNAC vulnerability CVE-2022-39952 the same day a PoC exploit was released.   
  
The post Fortinet FortiNAC Vulnerability Exploited inâ€¦ securityweek.com/fortinet-fortiâ€¦",https://twitter.com/shah_sheikh/status/1628709395361320960,2023-02-23,2023-02-23,CVE-2022-39952https://twitter.com/shah_sheikh/status/1628709395361320960
CVE-2022-39952,NVD,"A external control of file name or path in Fortinet FortiNAC versions 9.4.0, 9.2.0 through 9.2.5, 9.1.0 through 9.1.7, 8.8.0 through 8.8.11, 8.7.0 through 8.7.6, 8.6.0 through 8.6.5, 8.5.0 through 8.5.4, 8.3.7 may allow an unauthenticated attacker to execute unauthorized code or commands via specifically crafted HTTP request.",9.8,Not in KEV,2070-01-01,-17113,,Hackers started exploiting the Fortinet FortiNAC vulnerability CVE-2022-39952 the same day a PoC exploit was released. securityweek.com/fortinet-fortiâ€¦,https://twitter.com/EduardKovacs/status/1628698178743635969,2023-02-23,2023-02-23,CVE-2022-39952https://twitter.com/EduardKovacs/status/1628698178743635969
CVE-2022-39952,NVD,"A external control of file name or path in Fortinet FortiNAC versions 9.4.0, 9.2.0 through 9.2.5, 9.1.0 through 9.1.7, 8.8.0 through 8.8.11, 8.7.0 through 8.7.6, 8.6.0 through 8.6.5, 8.5.0 through 8.5.4, 8.3.7 may allow an unauthenticated attacker to execute unauthorized code or commands via specifically crafted HTTP request.",9.8,Not in KEV,2070-01-01,-17113,,"PoC #exploit, IoCs for Fortinet FortiNAC RCE released (CVE-2022-39952) securecybersolution.com/poc-exploit-ioâ€¦ #Sec_Cyber",https://twitter.com/CyberGuardNews/status/1628681380183048193,2023-02-23,2023-02-23,CVE-2022-39952https://twitter.com/CyberGuardNews/status/1628681380183048193
CVE-2022-31474,Not in NVD,Not in NVD,0.0,Not in KEV,2070-01-01,-17113,,"Cyber Security Bot retweeted:
 
			
 
			 
 
				[Oh noo] New 0-Day affecting WordPress exploited in the wild ğŸ‘‡  
  
WordPress BackupBuddy Plugin LFI  
(CVE-2022-31474)   
  
Try this non-destructive Template to detect the vulnerability at scale ğŸ‘‡  
  
#recon #AttackSurface #bugbountytips #bugbounty #nuclei #cve #cve2022 #wordpress #0day",https://twitter.com/cybsecbot/status/1628647106251567110,2023-02-23,2023-02-23,CVE-2022-31474https://twitter.com/cybsecbot/status/1628647106251567110
CVE-2022-31474,Not in NVD,Not in NVD,0.0,Not in KEV,2070-01-01,-17113,,"[Oh noo] New 0-Day affecting WordPress exploited in the wild ğŸ‘‡  
  
WordPress BackupBuddy Plugin LFI  
(CVE-2022-31474)   
  
Try this non-destructive Template to detect the vulnerability at scale ğŸ‘‡  
  
#recon #AttackSurface #bugbountytips #bugbounty #nuclei #cve #cve2022 #wordpress #0day",https://twitter.com/san28704295/status/1628643279423283201,2023-02-23,2023-02-23,CVE-2022-31474https://twitter.com/san28704295/status/1628643279423283201
CVE-2022-39952,NVD,"A external control of file name or path in Fortinet FortiNAC versions 9.4.0, 9.2.0 through 9.2.5, 9.1.0 through 9.1.7, 8.8.0 through 8.8.11, 8.7.0 through 8.7.6, 8.6.0 through 8.6.5, 8.5.0 through 8.5.4, 8.3.7 may allow an unauthenticated attacker to execute unauthorized code or commands via specifically crafted HTTP request.",9.8,Not in KEV,2070-01-01,-17113,,"â– â– â– â– â–¡ CVE-2022-39952 (CVSS score 9.8) and CVE-2021-42756 are respectively an external control of file name or path in Fortinet FortiNAC and a collection of stack-based buffer overflow issues in the proxy daemon of FortiWeb.  
  
securityaffairs.com/142553/hackingâ€¦",https://twitter.com/cKure7/status/1628635163587477504,2023-02-23,2023-02-23,CVE-2022-39952https://twitter.com/cKure7/status/1628635163587477504
CVE-2021-42756,NVD,"Multiple stack-based buffer overflow vulnerabilities [CWE-121] in the proxy daemon of FortiWeb 5.x all versions, 6.0.7 and below, 6.1.2 and below, 6.2.6 and below, 6.3.16 and below, 6.4 all versions may allow an unauthenticated remote attacker to achieve arbitrary code execution via specifically crafted HTTP requests.",9.8,Not in KEV,2070-01-01,-17113,,"â– â– â– â– â–¡ CVE-2022-39952 (CVSS score 9.8) and CVE-2021-42756 are respectively an external control of file name or path in Fortinet FortiNAC and a collection of stack-based buffer overflow issues in the proxy daemon of FortiWeb.  
  
securityaffairs.com/142553/hackingâ€¦",https://twitter.com/cKure7/status/1628635163587477504,2023-02-23,2023-02-23,CVE-2021-42756https://twitter.com/cKure7/status/1628635163587477504
CVE-2022-39952,NVD,"A external control of file name or path in Fortinet FortiNAC versions 9.4.0, 9.2.0 through 9.2.5, 9.1.0 through 9.1.7, 8.8.0 through 8.8.11, 8.7.0 through 8.7.6, 8.6.0 through 8.6.5, 8.5.0 through 8.5.4, 8.3.7 may allow an unauthenticated attacker to execute unauthorized code or commands via specifically crafted HTTP request.",9.8,Not in KEV,2070-01-01,-17113,,"VFAC retweeted:
 
			
 
			 
 
				Heads up: exploit code is on the loose for a Fortinet FortiNAC remote code execution vuln (CVE-2022-39952). Here's the story: bit.ly/3lMKCdR",https://twitter.com/VFArtisanCodeur/status/1628779475142934528,2023-02-23,2023-02-23,CVE-2022-39952https://twitter.com/VFArtisanCodeur/status/1628779475142934528
CVE-2022-39952,NVD,"A external control of file name or path in Fortinet FortiNAC versions 9.4.0, 9.2.0 through 9.2.5, 9.1.0 through 9.1.7, 8.8.0 through 8.8.11, 8.7.0 through 8.7.6, 8.6.0 through 8.6.5, 8.5.0 through 8.5.4, 8.3.7 may allow an unauthenticated attacker to execute unauthorized code or commands via specifically crafted HTTP request.",9.8,Not in KEV,2070-01-01,-17113,,Heads up: exploit code is on the loose for a Fortinet FortiNAC remote code execution vuln (CVE-2022-39952). Here's the story: bit.ly/3lMKCdR via @DarkReading,https://twitter.com/_DrFrusci/status/1628779321841143810,2023-02-23,2023-02-23,CVE-2022-39952https://twitter.com/_DrFrusci/status/1628779321841143810
CVE-2022-39952,NVD,"A external control of file name or path in Fortinet FortiNAC versions 9.4.0, 9.2.0 through 9.2.5, 9.1.0 through 9.1.7, 8.8.0 through 8.8.11, 8.7.0 through 8.7.6, 8.6.0 through 8.6.5, 8.5.0 through 8.5.4, 8.3.7 may allow an unauthenticated attacker to execute unauthorized code or commands via specifically crafted HTTP request.",9.8,Not in KEV,2070-01-01,-17113,,Heads up: exploit code is on the loose for a Fortinet FortiNAC remote code execution vuln (CVE-2022-39952). Here's the story: bit.ly/3lMKCdR,https://twitter.com/DarkReading/status/1628779213980422145,2023-02-23,2023-02-23,CVE-2022-39952https://twitter.com/DarkReading/status/1628779213980422145
CVE-2022-39952,NVD,"A external control of file name or path in Fortinet FortiNAC versions 9.4.0, 9.2.0 through 9.2.5, 9.1.0 through 9.1.7, 8.8.0 through 8.8.11, 8.7.0 through 8.7.6, 8.6.0 through 8.6.5, 8.5.0 through 8.5.4, 8.3.7 may allow an unauthenticated attacker to execute unauthorized code or commands via specifically crafted HTTP request.",9.8,Not in KEV,2070-01-01,-17113,,"NCU-ISAO retweeted:
 
			
 
			 
 
				Hackers started exploiting the Fortinet FortiNAC vulnerability CVE-2022-39952 the same day a PoC exploit was released. securityweek.com/fortinet-fortiâ€¦",https://twitter.com/NcuIsao/status/1628775973989810182,2023-02-23,2023-02-23,CVE-2022-39952https://twitter.com/NcuIsao/status/1628775973989810182
CVE-2023-0669,NVD,"Fortra (formerly, HelpSystems) GoAnywhere MFT suffers from a pre-authentication command injection vulnerability in the License Response Servlet due to deserializing an arbitrary attacker-controlled object. This issue was patched in version 7.1.2.",7.2,In KEV,2023-02-10,14,,"#Sigma rule to detect #exploits for GoAnywhere MFT #zeroday #vulnerability (CVE-2023-0669) actively leveraged to target organizations globally.  
  
socprime.com/rs/search-resuâ€¦   
   
#CVE #DFIR #BlueTeam #exploit #threatdetection #threathunting #cyberattack #infosec #CTI #cyberdefense",https://twitter.com/SOC_Prime/status/1628785257808814081,2023-02-23,2023-02-23,CVE-2023-0669https://twitter.com/SOC_Prime/status/1628785257808814081
CVE-2022-39952,NVD,"A external control of file name or path in Fortinet FortiNAC versions 9.4.0, 9.2.0 through 9.2.5, 9.1.0 through 9.1.7, 8.8.0 through 8.8.11, 8.7.0 through 8.7.6, 8.6.0 through 8.6.5, 8.5.0 through 8.5.4, 8.3.7 may allow an unauthenticated attacker to execute unauthorized code or commands via specifically crafted HTTP request.",9.8,Not in KEV,2070-01-01,-17113,,"Cyber Security News retweeted:
 
			
 
			 
 
				Fortinet FortiNAC CVE-2022-39952 flaw exploited in the wild hours after the release of PoC exploit ift.tt/mrcOhHY #cyber  #awareness #threatintell #CTI #intelligence #detect_and_response #EDR #XDR #CyberThreat #CyberThreatIntelligence #Zeroday #Vulnerability #RiskManagâ€¦",https://twitter.com/CyberSecurityN8/status/1628851060621049857,2023-02-23,2023-02-23,CVE-2022-39952https://twitter.com/CyberSecurityN8/status/1628851060621049857
CVE-2022-39952,NVD,"A external control of file name or path in Fortinet FortiNAC versions 9.4.0, 9.2.0 through 9.2.5, 9.1.0 through 9.1.7, 8.8.0 through 8.8.11, 8.7.0 through 8.7.6, 8.6.0 through 8.6.5, 8.5.0 through 8.5.4, 8.3.7 may allow an unauthenticated attacker to execute unauthorized code or commands via specifically crafted HTTP request.",9.8,Not in KEV,2070-01-01,-17113,,Fortinet FortiNAC CVE-2022-39952 flaw exploited in the wild hours after the release of PoC exploit securityaffairs.com/142621/hackingâ€¦,https://twitter.com/HackerSpyNet1/status/1628850824012234752,2023-02-23,2023-02-23,CVE-2022-39952https://twitter.com/HackerSpyNet1/status/1628850824012234752
CVE-2022-39952,NVD,"A external control of file name or path in Fortinet FortiNAC versions 9.4.0, 9.2.0 through 9.2.5, 9.1.0 through 9.1.7, 8.8.0 through 8.8.11, 8.7.0 through 8.7.6, 8.6.0 through 8.6.5, 8.5.0 through 8.5.4, 8.3.7 may allow an unauthenticated attacker to execute unauthorized code or commands via specifically crafted HTTP request.",9.8,Not in KEV,2070-01-01,-17113,,"Security News retweeted:
 
			
 
			 
 
				Fortinet FortiNAC CVE-2022-39952 flaw exploited in the wild hours after the release of PoC exploit ift.tt/mrcOhHY #cyber  #awareness #threatintell #CTI #intelligence #detect_and_response #EDR #XDR #CyberThreat #CyberThreatIntelligence #Zeroday #Vulnerability #RiskManagâ€¦",https://twitter.com/sectest9/status/1628849132759654405,2023-02-23,2023-02-23,CVE-2022-39952https://twitter.com/sectest9/status/1628849132759654405
CVE-2022-39952,NVD,"A external control of file name or path in Fortinet FortiNAC versions 9.4.0, 9.2.0 through 9.2.5, 9.1.0 through 9.1.7, 8.8.0 through 8.8.11, 8.7.0 through 8.7.6, 8.6.0 through 8.6.5, 8.5.0 through 8.5.4, 8.3.7 may allow an unauthenticated attacker to execute unauthorized code or commands via specifically crafted HTTP request.",9.8,Not in KEV,2070-01-01,-17113,,Fortinet FortiNAC CVE-2022-39952 flaw exploited in the wild hours after the release of PoC exploit: ift.tt/FJ8ISK4 by Security Affairs  #infosec #software #technology,https://twitter.com/Alevskey/status/1628848607091691527,2023-02-23,2023-02-23,CVE-2022-39952https://twitter.com/Alevskey/status/1628848607091691527
CVE-2022-39952,NVD,"A external control of file name or path in Fortinet FortiNAC versions 9.4.0, 9.2.0 through 9.2.5, 9.1.0 through 9.1.7, 8.8.0 through 8.8.11, 8.7.0 through 8.7.6, 8.6.0 through 8.6.5, 8.5.0 through 8.5.4, 8.3.7 may allow an unauthenticated attacker to execute unauthorized code or commands via specifically crafted HTTP request.",9.8,Not in KEV,2070-01-01,-17113,,Fortinet FortiNAC CVE-2022-39952 flaw exploited in the wild hours after the release of PoC exploit ift.tt/mrcOhHY #cyber  #awareness #threatintell #CTI #intelligence #detect_and_response #EDR #XDR #CyberThreat #CyberThreatIntelligence #Zeroday #Vulnerability #RiskManagâ€¦,https://twitter.com/SK_Expert/status/1628848597952233473,2023-02-23,2023-02-23,CVE-2022-39952https://twitter.com/SK_Expert/status/1628848597952233473
CVE-2022-39952,NVD,"A external control of file name or path in Fortinet FortiNAC versions 9.4.0, 9.2.0 through 9.2.5, 9.1.0 through 9.1.7, 8.8.0 through 8.8.11, 8.7.0 through 8.7.6, 8.6.0 through 8.6.5, 8.5.0 through 8.5.4, 8.3.7 may allow an unauthenticated attacker to execute unauthorized code or commands via specifically crafted HTTP request.",9.8,Not in KEV,2070-01-01,-17113,,"DTS Solution retweeted:
 
			
 
			 
 
				Fortinet FortiNAC CVE-2022-39952 flaw exploited in the wild hours after the release of PoC exploit: Threat actors are actively exploiting the Fortinet FortiNAC vulnerability CVE-2022-39952 a few hours after the publication of the PoC exploit code. Thisâ€¦ securityaffairs.com/142621/hackingâ€¦",https://twitter.com/DTS_Solution/status/1628848432780816384,2023-02-23,2023-02-23,CVE-2022-39952https://twitter.com/DTS_Solution/status/1628848432780816384
CVE-2022-39952,NVD,"A external control of file name or path in Fortinet FortiNAC versions 9.4.0, 9.2.0 through 9.2.5, 9.1.0 through 9.1.7, 8.8.0 through 8.8.11, 8.7.0 through 8.7.6, 8.6.0 through 8.6.5, 8.5.0 through 8.5.4, 8.3.7 may allow an unauthenticated attacker to execute unauthorized code or commands via specifically crafted HTTP request.",9.8,Not in KEV,2070-01-01,-17113,,Fortinet FortiNAC CVE-2022-39952 flaw exploited in the wild hours after the release of PoC exploit securityaffairs.com/142621/hackingâ€¦,https://twitter.com/thedpsadvisors/status/1628848313570299904,2023-02-23,2023-02-23,CVE-2022-39952https://twitter.com/thedpsadvisors/status/1628848313570299904
CVE-2022-39952,NVD,"A external control of file name or path in Fortinet FortiNAC versions 9.4.0, 9.2.0 through 9.2.5, 9.1.0 through 9.1.7, 8.8.0 through 8.8.11, 8.7.0 through 8.7.6, 8.6.0 through 8.6.5, 8.5.0 through 8.5.4, 8.3.7 may allow an unauthenticated attacker to execute unauthorized code or commands via specifically crafted HTTP request.",9.8,Not in KEV,2070-01-01,-17113,,Fortinet FortiNAC CVE-2022-39952 flaw exploited in the wild hours after the release of PoC exploit dlvr.it/Sjv5MC,https://twitter.com/Xc0resecurity/status/1628848312458838017,2023-02-23,2023-02-23,CVE-2022-39952https://twitter.com/Xc0resecurity/status/1628848312458838017
CVE-2022-39952,NVD,"A external control of file name or path in Fortinet FortiNAC versions 9.4.0, 9.2.0 through 9.2.5, 9.1.0 through 9.1.7, 8.8.0 through 8.8.11, 8.7.0 through 8.7.6, 8.6.0 through 8.6.5, 8.5.0 through 8.5.4, 8.3.7 may allow an unauthenticated attacker to execute unauthorized code or commands via specifically crafted HTTP request.",9.8,Not in KEV,2070-01-01,-17113,,Fortinet FortiNAC CVE-2022-39952 flaw exploited in the wild hours after the release of PoC exploit dlvr.it/Sjv5J8 via securityaffairs,https://twitter.com/AcooEdi/status/1628848308994338818,2023-02-23,2023-02-23,CVE-2022-39952https://twitter.com/AcooEdi/status/1628848308994338818
CVE-2022-39952,NVD,"A external control of file name or path in Fortinet FortiNAC versions 9.4.0, 9.2.0 through 9.2.5, 9.1.0 through 9.1.7, 8.8.0 through 8.8.11, 8.7.0 through 8.7.6, 8.6.0 through 8.6.5, 8.5.0 through 8.5.4, 8.3.7 may allow an unauthenticated attacker to execute unauthorized code or commands via specifically crafted HTTP request.",9.8,Not in KEV,2070-01-01,-17113,,Fortinet FortiNAC CVE-2022-39952 flaw exploited in the wild hours after the release of PoC exploit: Threat actors are actively exploiting the Fortinet FortiNAC vulnerability CVE-2022-39952 a few hours after the publication of the PoC exploit code. Thisâ€¦ securityaffairs.com/142621/hackingâ€¦,https://twitter.com/shah_sheikh/status/1628848307979300864,2023-02-23,2023-02-23,CVE-2022-39952https://twitter.com/shah_sheikh/status/1628848307979300864
CVE-2022-39952,NVD,"A external control of file name or path in Fortinet FortiNAC versions 9.4.0, 9.2.0 through 9.2.5, 9.1.0 through 9.1.7, 8.8.0 through 8.8.11, 8.7.0 through 8.7.6, 8.6.0 through 8.6.5, 8.5.0 through 8.5.4, 8.3.7 may allow an unauthenticated attacker to execute unauthorized code or commands via specifically crafted HTTP request.",9.8,Not in KEV,2070-01-01,-17113,,Fortinet FortiNAC CVE-2022-39952 flaw exploited in the wild hours after the release of PoC exploit dlvr.it/Sjv5Jp,https://twitter.com/TheCyberSecHub/status/1628848306502909952,2023-02-23,2023-02-23,CVE-2022-39952https://twitter.com/TheCyberSecHub/status/1628848306502909952
CVE-2022-39952,NVD,"A external control of file name or path in Fortinet FortiNAC versions 9.4.0, 9.2.0 through 9.2.5, 9.1.0 through 9.1.7, 8.8.0 through 8.8.11, 8.7.0 through 8.7.6, 8.6.0 through 8.6.5, 8.5.0 through 8.5.4, 8.3.7 may allow an unauthenticated attacker to execute unauthorized code or commands via specifically crafted HTTP request.",9.8,Not in KEV,2070-01-01,-17113,,Fortinet FortiNAC CVE-2022-39952 flaw exploited in the wild hours after the release of PoC exploit securityaffairs.com/142621/hackingâ€¦,https://twitter.com/security_inside/status/1628847732721913858,2023-02-23,2023-02-23,CVE-2022-39952https://twitter.com/security_inside/status/1628847732721913858
CVE-2022-39952,NVD,"A external control of file name or path in Fortinet FortiNAC versions 9.4.0, 9.2.0 through 9.2.5, 9.1.0 through 9.1.7, 8.8.0 through 8.8.11, 8.7.0 through 8.7.6, 8.6.0 through 8.6.5, 8.5.0 through 8.5.4, 8.3.7 may allow an unauthenticated attacker to execute unauthorized code or commands via specifically crafted HTTP request.",9.8,Not in KEV,2070-01-01,-17113,,"@Shadowserver @GreyNoiseIO @1ZRR4H @Andrew___Morris #Fortinet #FortiNAC CVE-2022-39952 flaw exploited in the wild hours after the release of #PoC exploit  
securityaffairs.com/142621/hackingâ€¦  
#securityaffairs #hacking #China",https://twitter.com/securityaffairs/status/1628843916718968836,2023-02-23,2023-02-23,CVE-2022-39952https://twitter.com/securityaffairs/status/1628843916718968836
CVE-2022-39952,NVD,"A external control of file name or path in Fortinet FortiNAC versions 9.4.0, 9.2.0 through 9.2.5, 9.1.0 through 9.1.7, 8.8.0 through 8.8.11, 8.7.0 through 8.7.6, 8.6.0 through 8.6.5, 8.5.0 through 8.5.4, 8.3.7 may allow an unauthenticated attacker to execute unauthorized code or commands via specifically crafted HTTP request.",9.8,Not in KEV,2070-01-01,-17113,,"Ayer/hoy, PoC, exploit y malware para #Fortinet FortiNAC CVE-2022-39952.  
  
Hoy, una herramienta para realizar masscan de la vulnerabilidad en #OpenSSH 9.1 CVE-2023-25136.  
Info: blog.segu-info.com.ar/2023/02/vulnerâ€¦",https://twitter.com/SeguInfo/status/1628825001750147075,2023-02-23,2023-02-23,CVE-2022-39952https://twitter.com/SeguInfo/status/1628825001750147075
CVE-2023-25136,NVD,"OpenSSH server (sshd) 9.1 introduced a double-free vulnerability during options.kex_algorithms handling. This is fixed in OpenSSH 9.2. The double free can be leveraged, by an unauthenticated remote attacker in the default configuration, to jump to any location in the sshd address space. One third-party report states ""remote code execution is theoretically possible.""",9.8,Not in KEV,2070-01-01,-17113,,"Ayer/hoy, PoC, exploit y malware para #Fortinet FortiNAC CVE-2022-39952.  
  
Hoy, una herramienta para realizar masscan de la vulnerabilidad en #OpenSSH 9.1 CVE-2023-25136.  
Info: blog.segu-info.com.ar/2023/02/vulnerâ€¦",https://twitter.com/SeguInfo/status/1628825001750147075,2023-02-23,2023-02-23,CVE-2023-25136https://twitter.com/SeguInfo/status/1628825001750147075
CVE-2023-0988,Not in NVD,Not in NVD,0.0,Not in KEV,2070-01-01,-17113,,[Exploit] We have added exploits for CVE-2023-0988 and CVE-2023-0987 vuldb.com/?exploits.2023â€¦ #exploit #exploits #poc,https://twitter.com/vuldb/status/1628815763380240392,2023-02-23,2023-02-23,CVE-2023-0988https://twitter.com/vuldb/status/1628815763380240392
CVE-2023-0987,Not in NVD,Not in NVD,0.0,Not in KEV,2070-01-01,-17113,,[Exploit] We have added exploits for CVE-2023-0988 and CVE-2023-0987 vuldb.com/?exploits.2023â€¦ #exploit #exploits #poc,https://twitter.com/vuldb/status/1628815763380240392,2023-02-23,2023-02-23,CVE-2023-0987https://twitter.com/vuldb/status/1628815763380240392
CVE-2023-0669,NVD,"Fortra (formerly, HelpSystems) GoAnywhere MFT suffers from a pre-authentication command injection vulnerability in the License Response Servlet due to deserializing an arbitrary attacker-controlled object. This issue was patched in version 7.1.2.",7.2,In KEV,2023-02-10,14,,"oswald kendy retweeted:
 
			
 
			 
 
				#FortiGuardLabs Threat Signal Report: GoAnywhere MFT RCE Vulnerability (CVE-2023-0669) Actively Exploited â®• ftnt.net/60173UiD7",https://twitter.com/QbanKendy/status/1628903738126499840,2023-02-23,2023-02-23,CVE-2023-0669https://twitter.com/QbanKendy/status/1628903738126499840
CVE-2022-39952,NVD,"A external control of file name or path in Fortinet FortiNAC versions 9.4.0, 9.2.0 through 9.2.5, 9.1.0 through 9.1.7, 8.8.0 through 8.8.11, 8.7.0 through 8.7.6, 8.6.0 through 8.6.5, 8.5.0 through 8.5.4, 8.3.7 may allow an unauthenticated attacker to execute unauthorized code or commands via specifically crafted HTTP request.",9.8,Not in KEV,2070-01-01,-17113,,"boB Rudis ğŸ‡ºğŸ‡¦ ğŸ˜@hrbrmstr@mastodon.social retweeted:
 
			
 
			 
 
				@Shadowserver @GreyNoiseIO @1ZRR4H @Andrew___Morris #Fortinet #FortiNAC CVE-2022-39952 flaw exploited in the wild hours after the release of #PoC exploit  
securityaffairs.com/142621/hackingâ€¦  
#securityaffairs #hacking #China",https://twitter.com/hrbrmstr/status/1628902527738515456,2023-02-23,2023-02-23,CVE-2022-39952https://twitter.com/hrbrmstr/status/1628902527738515456
CVE-2022-39952,NVD,"A external control of file name or path in Fortinet FortiNAC versions 9.4.0, 9.2.0 through 9.2.5, 9.1.0 through 9.1.7, 8.8.0 through 8.8.11, 8.7.0 through 8.7.6, 8.6.0 through 8.6.5, 8.5.0 through 8.5.4, 8.3.7 may allow an unauthenticated attacker to execute unauthorized code or commands via specifically crafted HTTP request.",9.8,Not in KEV,2070-01-01,-17113,,"Andrew Morris retweeted:
 
			
 
			 
 
				@Shadowserver @GreyNoiseIO @1ZRR4H @Andrew___Morris #Fortinet #FortiNAC CVE-2022-39952 flaw exploited in the wild hours after the release of #PoC exploit  
securityaffairs.com/142621/hackingâ€¦  
#securityaffairs #hacking #China",https://twitter.com/Andrew___Morris/status/1628884824441163776,2023-02-23,2023-02-23,CVE-2022-39952https://twitter.com/Andrew___Morris/status/1628884824441163776
CVE-2022-39952,NVD,"A external control of file name or path in Fortinet FortiNAC versions 9.4.0, 9.2.0 through 9.2.5, 9.1.0 through 9.1.7, 8.8.0 through 8.8.11, 8.7.0 through 8.7.6, 8.6.0 through 8.6.5, 8.5.0 through 8.5.4, 8.3.7 may allow an unauthenticated attacker to execute unauthorized code or commands via specifically crafted HTTP request.",9.8,Not in KEV,2070-01-01,-17113,,"#Cybersecurity researchers released a PoC exploit code for the critical CVE-2022-39952 #vulnerability in the #Fortinet #FortiNAC network access control solution.  
buff.ly/3Ipqk1E",https://twitter.com/twelvesec/status/1628870068976115714,2023-02-23,2023-02-23,CVE-2022-39952https://twitter.com/twelvesec/status/1628870068976115714
CVE-2023-999992,Not in NVD,Not in NVD,0.0,Not in KEV,2070-01-01,-17113,,"Cyber Security Bot retweeted:
 
			
 
			 
 
				CVE-2023-999992  
  
CVE-2023-999992 PoC  
  
vulmon.com/vulnerabilitydâ€¦",https://twitter.com/cybsecbot/status/1628949097649524736,2023-02-23,2023-02-24,CVE-2023-999992https://twitter.com/cybsecbot/status/1628949097649524736
CVE-2023-999992,Not in NVD,Not in NVD,0.0,Not in KEV,2070-01-01,-17113,,"CVE-2023-999992  
  
CVE-2023-999992 PoC  
  
vulmon.com/vulnerabilitydâ€¦",https://twitter.com/VulmonFeeds/status/1628948139313963009,2023-02-23,2023-02-24,CVE-2023-999992https://twitter.com/VulmonFeeds/status/1628948139313963009
CVE-2023-0179,Not in NVD,Not in NVD,0.0,Not in KEV,2070-01-01,-17113,,"Re: CVE-2023-0179: Linux kernel stack buffer overflow in nftables: PoC and writeup: Posted by butt3rflyh4ck on Feb 23Hi, how do you compile PoC, it is static or dynamic. If I want to  
 debug this kernel with qemu, the PoC needs to be a static link? but  
â€¦ dlvr.it/Sjvmtd",https://twitter.com/oss_security/status/1628945079149953026,2023-02-23,2023-02-24,CVE-2023-0179https://twitter.com/oss_security/status/1628945079149953026
CVE-2022-39952,NVD,"A external control of file name or path in Fortinet FortiNAC versions 9.4.0, 9.2.0 through 9.2.5, 9.1.0 through 9.1.7, 8.8.0 through 8.8.11, 8.7.0 through 8.7.6, 8.6.0 through 8.6.5, 8.5.0 through 8.5.4, 8.3.7 may allow an unauthenticated attacker to execute unauthorized code or commands via specifically crafted HTTP request.",9.8,Not in KEV,2070-01-01,-17113,,"Mike Music retweeted:
 
			
 
			 
 
				We are seeing an uptick in the exploitation of #FortiNAC CVE-2022-39952 throughout our sensor network, leading to the planting of various shell types. Threat actors appear to be using a variety of scripting tools to execute exploit code/scanners. #threatintel    
  
IoCs ğŸ‘‡  
  
[1/2]",https://twitter.com/m1kemu/status/1628924361083068417,2023-02-23,2023-02-24,CVE-2022-39952https://twitter.com/m1kemu/status/1628924361083068417
CVE-2022-39952,NVD,"A external control of file name or path in Fortinet FortiNAC versions 9.4.0, 9.2.0 through 9.2.5, 9.1.0 through 9.1.7, 8.8.0 through 8.8.11, 8.7.0 through 8.7.6, 8.6.0 through 8.6.5, 8.5.0 through 8.5.4, 8.3.7 may allow an unauthenticated attacker to execute unauthorized code or commands via specifically crafted HTTP request.",9.8,Not in KEV,2070-01-01,-17113,,"We are seeing an uptick in the exploitation of #FortiNAC CVE-2022-39952 throughout our sensor network, leading to the planting of various shell types. Threat actors appear to be using a variety of scripting tools to execute exploit code/scanners. #threatintel    
  
IoCs ğŸ‘‡  
  
[1/2]",https://twitter.com/dark_sky_intel/status/1628923793375633408,2023-02-23,2023-02-24,CVE-2022-39952https://twitter.com/dark_sky_intel/status/1628923793375633408
CVE-2023-0746,Not in NVD,Not in NVD,0.0,Not in KEV,2070-01-01,-17113,,"Daniel ğŸ‡ªğŸ‡¸ retweeted:
 
			
 
			 
 
				âš ï¸ #Vulnerabilidad XSS en #GigaVue-FM. #0day #CNA #CVE CVE-2023-0746  
incibe-cert.es/alerta-tempranâ€¦",https://twitter.com/mercaderd/status/1629118893762482178,2023-02-24,2023-02-24,CVE-2023-0746https://twitter.com/mercaderd/status/1629118893762482178
CVE-2022-47966,NVD,"Multiple Zoho ManageEngine on-premise products, such as ServiceDesk Plus through 14003, allow remote code execution due to use of Apache xmlsec (aka XML Security for Java) 1.4.1, because the xmlsec XSLT features, by design in that version, make the application responsible for certain security protections, and the ManageEngine applications did not provide those protections.",9.8,In KEV,2023-01-23,32,,Hackers are actively exploiting CVE-2022-47966 flaw in Zoho ManageEngine ift.tt/7NqKh1Y #cyber  #awareness #threatintell #CTI #intelligence #detect_and_response #EDR #XDR #CyberThreat #CyberThreatIntelligence #Zeroday #Vulnerability #RiskManagement #VulnerabilityAssesmâ€¦,https://twitter.com/SK_Expert/status/1629090322427912193,2023-02-24,2023-02-24,CVE-2022-47966https://twitter.com/SK_Expert/status/1629090322427912193
CVE-2022-1388,NVD,"On F5 BIG-IP 16.1.x versions prior to 16.1.2.2, 15.1.x versions prior to 15.1.5.1, 14.1.x versions prior to 14.1.4.6, 13.1.x versions prior to 13.1.5, and all 12.1.x and 11.6.x versions, undisclosed requests may bypass iControl REST authentication. Note: Software versions which have reached End of Technical Support (EoTS) are not evaluated",9.8,In KEV,2022-05-10,290,,"HackGit  
CVE2022-1388_TestAPI A Test API for testing the POC against CVE-2022-1388 github.com/bandit92/CVE20â€¦ #cve t.me/hackgit/4182  
  
CVE-2022-1388-POC  
BIG-IP iCONTROL REST API AUTH BYPASS /RCE EXPLOIT BIG-IP RCE 2022",https://twitter.com/san28704295/status/1629083751019085824,2023-02-24,2023-02-24,CVE-2022-1388https://twitter.com/san28704295/status/1629083751019085824
CVE-2023-0746,Not in NVD,Not in NVD,0.0,Not in KEV,2070-01-01,-17113,,"âš ï¸ #Vulnerabilidad XSS en #GigaVue-FM. #0day #CNA #CVE CVE-2023-0746  
incibe-cert.es/alerta-tempranâ€¦",https://twitter.com/incibe_cert/status/1629082461723410433,2023-02-24,2023-02-24,CVE-2023-0746https://twitter.com/incibe_cert/status/1629082461723410433
CVE-2023-21752,NVD,Windows Backup Service Elevation of Privilege Vulnerability.,7.1,Not in KEV,2070-01-01,-17113,,"Mashael Abdulaziz ğŸ•Š retweeted:
 
			
 
			 
 
				Ù…Ø¬Ù…ÙˆØ¹Ø§Øª Ù‡Ø¬ÙˆÙ… ØªØ³ØªØºÙ„ Ø«ØºØ±Ø© Ø£Ù…Ù†ÙŠØ© ØªØªÙˆØ§Ø¬Ø¯ ÙÙŠ Ø®Ø¯Ù…Ø© Ø§Ù„Ù†Ø³Ø® Ø§Ù„Ø§Ø­ØªÙŠØ§Ø·ÙŠ ÙˆØ§Ù„Ø§Ø³ØªØ¹Ø§Ø¯Ø© Ø§Ù„Ø®Ø§ØµØ© Ø¨Ù…Ø§ÙŠÙƒØ±ÙˆØ³ÙˆÙØª .   
  
Ø­Ø³Ø¨ ØªÙ‚Ø±ÙŠØ± Ù…Ù† ""cloudsek"" ØªÙ… Ø§Ù„Ø¹Ø«ÙˆØ± Ø¹Ù„Ù‰ Ø·Ø±ÙŠÙ‚Ø© Ø¥Ø³ØªØºÙ„Ø§Ù„ Ø§Ù„Ø«ØºØ±Ø© (PoC) ÙÙŠ Ù‚Ù†ÙˆØ§Øª ØªÙ„ÙŠÙ‚Ø±Ø§Ù… ØªØªØ­Ø¯Ø« Ø§Ù„Ø±ÙˆØ³ÙŠØ©   
  
cloudsek.com/threatintelligâ€¦  
  
ÙŠØªÙ… ØªØªØ¨Ø¹ Ø§Ù„Ø«ØºØ±Ø© Ø¨Ø§Ù„Ø±Ù‚Ù… :   
CVE-2023-21752",https://twitter.com/Sha3o0l/status/1629069863967662081,2023-02-24,2023-02-24,CVE-2023-21752https://twitter.com/Sha3o0l/status/1629069863967662081
CVE-2022-39952,NVD,"A external control of file name or path in Fortinet FortiNAC versions 9.4.0, 9.2.0 through 9.2.5, 9.1.0 through 9.1.7, 8.8.0 through 8.8.11, 8.7.0 through 8.7.6, 8.6.0 through 8.6.5, 8.5.0 through 8.5.4, 8.3.7 may allow an unauthenticated attacker to execute unauthorized code or commands via specifically crafted HTTP request.",9.8,Not in KEV,2070-01-01,-17113,,"elhacker.NET retweeted:
 
			
 
			 
 
				Ayer/hoy, PoC, exploit y malware para #Fortinet FortiNAC CVE-2022-39952.  
  
Hoy, una herramienta para realizar masscan de la vulnerabilidad en #OpenSSH 9.1 CVE-2023-25136.  
Info: blog.segu-info.com.ar/2023/02/vulnerâ€¦",https://twitter.com/elhackernet/status/1629060816644239361,2023-02-24,2023-02-24,CVE-2022-39952https://twitter.com/elhackernet/status/1629060816644239361
CVE-2023-25136,NVD,"OpenSSH server (sshd) 9.1 introduced a double-free vulnerability during options.kex_algorithms handling. This is fixed in OpenSSH 9.2. The double free can be leveraged, by an unauthenticated remote attacker in the default configuration, to jump to any location in the sshd address space. One third-party report states ""remote code execution is theoretically possible.""",9.8,Not in KEV,2070-01-01,-17113,,"elhacker.NET retweeted:
 
			
 
			 
 
				Ayer/hoy, PoC, exploit y malware para #Fortinet FortiNAC CVE-2022-39952.  
  
Hoy, una herramienta para realizar masscan de la vulnerabilidad en #OpenSSH 9.1 CVE-2023-25136.  
Info: blog.segu-info.com.ar/2023/02/vulnerâ€¦",https://twitter.com/elhackernet/status/1629060816644239361,2023-02-24,2023-02-24,CVE-2023-25136https://twitter.com/elhackernet/status/1629060816644239361
CVE-2023-0179,Not in NVD,Not in NVD,0.0,Not in KEV,2070-01-01,-17113,,"fatgrass retweeted:
 
			
 
			 
 
				Re: CVE-2023-0179: Linux kernel stack buffer overflow in nftables: PoC and writeup: Posted by butt3rflyh4ck on Feb 23Hi, how do you compile PoC, it is static or dynamic. If I want to  
 debug this kernel with qemu, the PoC needs to be a static link? but  
â€¦ dlvr.it/Sjvmtd",https://twitter.com/micro0x01/status/1629033517144481793,2023-02-24,2023-02-24,CVE-2023-0179https://twitter.com/micro0x01/status/1629033517144481793
CVE-2021-42756,NVD,"Multiple stack-based buffer overflow vulnerabilities [CWE-121] in the proxy daemon of FortiWeb 5.x all versions, 6.0.7 and below, 6.1.2 and below, 6.2.6 and below, 6.3.16 and below, 6.4 all versions may allow an unauthenticated remote attacker to achieve arbitrary code execution via specifically crafted HTTP requests.",9.8,Not in KEV,2070-01-01,-17113,,"ğŸš¨ Surveillance des #POC (Proof Of Concept) sur @github :  
  
ğŸ‘‰ CVE-2021-42756: github.com/3ndorph1n/CVE-â€¦  
ğŸ‘‰ CVE-2022-32429: github.com/b11y/CVE-2022-â€¦",https://twitter.com/Prohacktiv3/status/1629002640339132416,2023-02-24,2023-02-24,CVE-2021-42756https://twitter.com/Prohacktiv3/status/1629002640339132416
CVE-2022-32429,NVD,"An authentication-bypass issue in the component http://MYDEVICEIP/cgi-bin-sdb/ExportSettings.sh of Mega System Technologies Inc MSNSwitch MNT.2408 allows unauthenticated attackers to arbitrarily configure settings within the application, leading to remote code execution.",9.8,Not in KEV,2070-01-01,-17113,,"ğŸš¨ Surveillance des #POC (Proof Of Concept) sur @github :  
  
ğŸ‘‰ CVE-2021-42756: github.com/3ndorph1n/CVE-â€¦  
ğŸ‘‰ CVE-2022-32429: github.com/b11y/CVE-2022-â€¦",https://twitter.com/Prohacktiv3/status/1629002640339132416,2023-02-24,2023-02-24,CVE-2022-32429https://twitter.com/Prohacktiv3/status/1629002640339132416
CVE-2022-40127,NVD,"A vulnerability in Example Dags of Apache Airflow allows an attacker with UI access who can trigger DAGs, to execute arbitrary commands via manually provided run_id parameter. This issue affects Apache Airflow Apache Airflow versions prior to 2.4.0.",8.8,Not in KEV,2070-01-02,-17114,,hacker1g retweeted:                    CVE-2022-40127 : Apache Airflow < 2.4.0 DAG example_bash_operator Remote Code Execution.      PoC   github.com/Mr-xn/CVE-2022â€¦,https://twitter.com/mohammadd113/status/1629183008702963713,2023-02-24,2023-02-24,CVE-2022-40127https://twitter.com/mohammadd113/status/1629183008702963713
CVE-2023-0829,Not in NVD,Not in NVD,0.0,Not in KEV,2070-01-03,-17115,,CÃ©sar Granda retweeted:                    âš ï¸#Vulnerabilidad de Cross-Site Scripting (#XSS) en #Plesk. #0day #CNA #CVE CVE-2023-0829   incibe-cert.es/alerta-tempranâ€¦,https://twitter.com/CacharroHacks/status/1629178585054322693,2023-02-24,2023-02-24,CVE-2023-0829https://twitter.com/CacharroHacks/status/1629178585054322693
CVE-2023-20025,NVD,"A vulnerability in the web-based management interface of Cisco Small Business RV042 Series Routers could allow an unauthenticated, remote attacker to bypass authentication on the affected device. This vulnerability is due to incorrect user input validation of incoming HTTP packets. An attacker could exploit this vulnerability by sending crafted requests to the web-based management interface. A successful exploit could allow the attacker to gain root privileges on the affected device.",9.8,Not in KEV,2070-01-04,-17116,,Cisco warned customers today of a critical authentication bypass vulnerability with public exploit code affecting multiple end-of-life (EoL) VPN routers.      The security flaw (CVE-2023-20025) was found in the web-based management interface of Cisco Small      spixnet.at/cybersecurity-â€¦,https://twitter.com/SpixnetG/status/1629172224945946624,2023-02-24,2023-02-24,CVE-2023-20025https://twitter.com/SpixnetG/status/1629172224945946624
CVE-2022-39952,NVD,"A external control of file name or path in Fortinet FortiNAC versions 9.4.0, 9.2.0 through 9.2.5, 9.1.0 through 9.1.7, 8.8.0 through 8.8.11, 8.7.0 through 8.7.6, 8.6.0 through 8.6.5, 8.5.0 through 8.5.4, 8.3.7 may allow an unauthenticated attacker to execute unauthorized code or commands via specifically crafted HTTP request.",9.8,Not in KEV,2070-01-05,-17117,,"UÄŸur BAL retweeted:                    Fortinet cihazlarÄ± etkileyen CVE-2022-39952 numaralÄ± zafiyetin PoC kodlarÄ± yayÄ±nlandÄ±, gÃ¼ncelleme yapmayanlar iÃ§in eÄŸlenceli zamanlar yaklaÅŸÄ±yor.      github.com/horizon3ai/CVEâ€¦",https://twitter.com/ugurbal/status/1629145590155059200,2023-02-24,2023-02-24,CVE-2022-39952https://twitter.com/ugurbal/status/1629145590155059200
CVE-2022-47966,NVD,"Multiple Zoho ManageEngine on-premise products, such as ServiceDesk Plus through 14003, allow remote code execution due to use of Apache xmlsec (aka XML Security for Java) 1.4.1, because the xmlsec XSLT features, by design in that version, make the application responsible for certain security protections, and the ManageEngine applications did not provide those protections.",9.8,In KEV,2070-01-06,-17118,,Les attaques exploitent une faille dans #ManageEngine (CVE-2022-47966 â€“ corrigÃ©e en janvier) se sont multipliÃ©s depuis la publication dâ€™un code de dÃ©monstration (PoC) fin janvier par #Horizon3. bit.ly/3YZxkJE,https://twitter.com/cert_ist/status/1629145188105875457,2023-02-24,2023-02-24,CVE-2022-47966https://twitter.com/cert_ist/status/1629145188105875457
CVE-2022-39952,NVD,"A external control of file name or path in Fortinet FortiNAC versions 9.4.0, 9.2.0 through 9.2.5, 9.1.0 through 9.1.7, 8.8.0 through 8.8.11, 8.7.0 through 8.7.6, 8.6.0 through 8.6.5, 8.5.0 through 8.5.4, 8.3.7 may allow an unauthenticated attacker to execute unauthorized code or commands via specifically crafted HTTP request.",9.8,Not in KEV,2070-01-07,-17119,,"Fortinet cihazlarÄ± etkileyen CVE-2022-39952 numaralÄ± zafiyetin PoC kodlarÄ± yayÄ±nlandÄ±, gÃ¼ncelleme yapmayanlar iÃ§in eÄŸlenceli zamanlar yaklaÅŸÄ±yor.      github.com/horizon3ai/CVEâ€¦",https://twitter.com/mertcangokgoz/status/1629144968349589504,2023-02-24,2023-02-24,CVE-2022-39952https://twitter.com/mertcangokgoz/status/1629144968349589504
CVE-2018-6389,,"In WordPress through 4.9.2, unauthenticated attackers can cause a denial of service (resource consumption) by using the large list of registered .js files (from wp-includes/script-loader.php) to construct a series of requests to load every file many times.",0.0,Not in KEV,2070-01-01,-17113,,Security News retweeted:                    U.S. Dept Of Defense: DoS at â–ˆâ–ˆâ–ˆâ–ˆâ–ˆâ–ˆâ–ˆâ–ˆ (CVE-2018-6389) ift.tt/g5KvJyl #cyber  #awareness #threatintell #CTI #intelligence #detect_and_response #EDR #XDR #CyberThreat #CyberThreatIntelligence #Zeroday #Vulnerability #RiskManagement #VulnerabilityAssesment #Thirdpâ€¦,https://twitter.com/sectest9/status/1629226681272610817,2023-02-24,2023-02-24,CVE-2018-6389https://twitter.com/sectest9/status/1629226681272610817
CVE-2018-6389,,"In WordPress through 4.9.2, unauthenticated attackers can cause a denial of service (resource consumption) by using the large list of registered .js files (from wp-includes/script-loader.php) to construct a series of requests to load every file many times.",0.0,Not in KEV,2070-01-01,-17113,,U.S. Dept Of Defense: DoS at â–ˆâ–ˆâ–ˆâ–ˆâ–ˆâ–ˆâ–ˆâ–ˆ (CVE-2018-6389) ift.tt/g5KvJyl #cyber  #awareness #threatintell #CTI #intelligence #detect_and_response #EDR #XDR #CyberThreat #CyberThreatIntelligence #Zeroday #Vulnerability #RiskManagement #VulnerabilityAssesment #Thirdpâ€¦,https://twitter.com/SK_Expert/status/1629226094506147842,2023-02-24,2023-02-24,CVE-2018-6389https://twitter.com/SK_Expert/status/1629226094506147842
CVE-2023-23915,,"A cleartext transmission of sensitive information vulnerability exists in curl <v7.88.0 that could cause HSTS functionality to behave incorrectly when multiple URLs are requested in parallel. Using its HSTS support, curl can be instructed to use HTTPS instead of using an insecure clear-text HTTP step even when HTTP is provided in the URL. This HSTS mechanism would however surprisingly fail when multiple transfers are done in parallel as the HSTS cache file gets overwritten by the most recentlycompleted transfer. A later HTTP-only transfer to the earlier host name would then *not* get upgraded properly to HSTS.",0.0,Not in KEV,1970-01-01,19412,,Internet Bug Bounty: CVE-2023-23915: HSTS amnesia with --parallel ift.tt/tcBDm0U #cyber  #awareness #threatintell #CTI #intelligence #detect_and_response #EDR #XDR #CyberThreat #CyberThreatIntelligence #Zeroday #Vulnerability #RiskManagement #VulnerabilityAssesment #Thâ€¦,https://twitter.com/SK_Expert/status/1629231049535373314,2023-02-24,2023-02-24,CVE-2023-23915https://twitter.com/SK_Expert/status/1629231049535373314
CVE-2023-23914,,"A cleartext transmission of sensitive information vulnerability exists in curl <v7.88.0 that could cause HSTS functionality fail when multiple URLs are requested serially. Using its HSTS support, curl can be instructed to use HTTPS instead of usingan insecure clear-text HTTP step even when HTTP is provided in the URL. ThisHSTS mechanism would however surprisingly be ignored by subsequent transferswhen done on the same command line because the state would not be properlycarried on.",0.0,Not in KEV,1970-01-01,19412,,Internet Bug Bounty: CVE-2023-23914: HSTS ignored on multiple requests ift.tt/HfdrR46 #cyber  #awareness #threatintell #CTI #intelligence #detect_and_response #EDR #XDR #CyberThreat #CyberThreatIntelligence #Zeroday #Vulnerability #RiskManagement #VulnerabilityAssesmenâ€¦,https://twitter.com/SK_Expert/status/1629231046020542467,2023-02-24,2023-02-24,CVE-2023-23914https://twitter.com/SK_Expert/status/1629231046020542467
